"rgn_id","taxa_code","sust_coeff"
84,"European eel_507","global_species"
214,"European seabass_1313","none"
84,"Mullets nei_512","taxon_group_avg"
115,"Gudgeons, sleepers nei_557","taxon_group_avg"
115,"Mullets nei_559","taxon_group_avg"
135,"Whiteleg shrimp_616","none"
15,"Barramundi(=Giant seaperch)_95","global_species"
191,"Rainbow trout_1071","global_species"
106,"Giant tiger prawn_540","global_species"
196,"Mullets nei_1073","taxon_group_avg"
66,"Oysters_387","global_species"
65,"Oysters_385","global_species"
196,"Penaeus shrimps nei_1074","georegion_family_avg"
182,"Whiteleg shrimp_963","global_species"
182,"European seabass_894","none"
182,"Gilthead seabream_900","none"
66,"Mussels_386","global_species"
62,"Oysters_381","global_species"
66,"Oysters_388","global_species"
66,"Oysters_389","global_species"
62,"Scallops_384","global_species"
182,"Seaweed_950","global_species"
196,"Snappers nei_1075","taxon_group_avg"
143,"Arctic char_651","none"
183,"Atlantic ditch shrimp_965","taxon_group_avg"
182,"Atlantic ditch shrimp_869","taxon_group_avg"
183,"Atlantic salmon_966","global_species"
143,"Atlantic salmon_655","global_species"
182,"Caramote prawn_874","region_family_avg"
182,"Cockles_877","global_species"
182,"Cockles_928","global_species"
182,"Common prawn_879","taxon_group_avg"
183,"Common sole_973","global_species"
183,"Common sole_1004","global_species"
182,"Corrugated venus_883","georegion_family_avg"
183,"European eel_977","global_species"
175,"European eel_765","global_species"
182,"European eel_888","global_species"
183,"European seabass_980","none"
176,"European seabass_775","global_species"
182,"European seabass_893","none"
175,"European whitefish_767","region_family_avg"
182,"Giant tiger prawn_897","global_species"
183,"Gilthead seabream_983","none"
182,"Gilthead seabream_901","none"
182,"Grooved carpet shell_908","georegion_family_avg"
182,"Japanese carpet shell_913","georegion_family_avg"
179,"Kuruma prawn_809","family_avg"
183,"Kuruma prawn_988","georegion_family_avg"
182,"Kuruma prawn_916","region_family_avg"
180,"Marine fishes nei_838","taxon_group_avg"
182,"Meagre_923","none"
183,"Mullets nei_992","taxon_group_avg"
182,"Mullets nei_926","taxon_group_avg"
183,"Oysters_993","global_species"
182,"Oysters_931","global_species"
182,"Palaemonid shrimps nei_933","taxon_group_avg"
176,"Rainbow trout_777","global_species"
180,"Rainbow trout_844","global_species"
175,"Rainbow trout_769","global_species"
175,"Sea trout_771","family_avg"
183,"Seabasses nei_998","taxon_group_avg"
183,"Seaweed_995","global_species"
182,"Seaweed_942","global_species"
182,"Senegalese sole_945","region_family_avg"
143,"Senegalese sole_661","family_avg"
183,"Senegalese sole_999","region_family_avg"
182,"Soles nei_947","taxon_group_avg"
182,"Spotted seabass_952","taxon_group_avg"
182,"Turbot_955","global_species"
177,"Turbot_783","global_species"
183,"Turbot_1002","global_species"
227,"Turbot_1456","global_species"
228,"Turbot_1463","global_species"
182,"White seabream_961","region_family_avg"
177,"Yellowtail amberjack_784","global_species"
175,"Yellowtail amberjack_773","global_species"
143,"Abalones_650","global_species"
227,"Abalones_1455","global_species"
228,"Abalones_1462","global_species"
181,"Abalones_848","global_species"
179,"Abalones_823","global_species"
182,"Abalones_911","global_species"
181,"Aquatic invertebrates nei_849","global_avg"
182,"Aquatic invertebrates nei_864","global_avg"
183,"Atlantic bluefin tuna_964","georegion_family_avg"
182,"Atlantic bluefin tuna_867","water_body"
223,"Atlantic cod_1418","global_species"
143,"Atlantic cod_652","global_species"
180,"Atlantic cod_827","global_species"
143,"Atlantic halibut_653","global_species"
180,"Atlantic halibut_828","global_species"
223,"Atlantic halibut_1419","global_species"
223,"Atlantic salmon_1420","none"
180,"Atlantic salmon_829","none"
181,"Atlantic salmon_850","global_species"
143,"Atlantic salmon_654","global_species"
141,"Atlantic salmon_645","none"
222,"Atlantic salmon_1414","global_species"
174,"Atlantic salmon_755","global_species"
182,"Atlantic salmon_870","global_species"
179,"Atlantic salmon_785","global_species"
73,"Atlantic salmon_400","global_species"
175,"Atlantic salmon_760","global_species"
182,"Banded carpet shell_871","georegion_family_avg"
182,"Big-scale sand smelt_872","taxon_group_avg"
182,"Blackspot seabream_873","region_family_avg"
183,"Blackspot seabream_967","region_family_avg"
223,"Chars nei_1423","taxon_group_avg"
175,"Clams_763","global_species"
182,"Clams_886","global_species"
183,"Clams_1000","global_species"
179,"Clams_789","global_species"
180,"Clams_840","global_species"
183,"Cockles_971","global_species"
179,"Cockles_792","global_species"
180,"Cockles_831","global_species"
182,"Cockles_876","global_species"
182,"Cockles_929","global_species"
179,"Coho(=Silver) salmon_791","global_species"
175,"Coho(=Silver) salmon_764","global_species"
183,"Common cuttlefish_970","global_avg"
183,"Common sole_972","global_species"
182,"Common sole_881","global_species"
183,"Corrugated venus_974","georegion_family_avg"
182,"Corrugated venus_882","georegion_family_avg"
183,"Croakers, drums nei_975","region_family_avg"
182,"European eel_887","global_species"
175,"European flounder_766","georegion_family_avg"
183,"European seabass_979","none"
143,"European seabass_657","global_species"
180,"European seabass_834","global_species"
179,"European seabass_799","none"
174,"European whitefish_756","region_family_avg"
223,"Finfishes nei_1425","taxon_group_avg"
179,"Finfishes nei_800","taxon_group_avg"
183,"Gilthead seabream_982","none"
182,"Gilthead seabream_899","none"
179,"Gilthead seabream_802","none"
183,"Golden carpet shell_984","georegion_family_avg"
179,"Grooved carpet shell_804","region_family_avg"
183,"Grooved carpet shell_986","georegion_family_avg"
182,"Grooved carpet shell_907","georegion_family_avg"
180,"Grooved carpet shell_836","region_family_avg"
227,"Grooved carpet shell_1453","georegion_family_avg"
228,"Grooved carpet shell_1460","georegion_family_avg"
182,"Groundfishes nei_910","taxon_group_avg"
143,"Haddock_658","taxon_group_avg"
180,"Japanese carpet shell_837","region_family_avg"
181,"Japanese carpet shell_857","georegion_family_avg"
182,"Japanese carpet shell_912","georegion_family_avg"
179,"Japanese carpet shell_807","region_family_avg"
183,"Japanese carpet shell_987","georegion_family_avg"
182,"Mackerels nei_917","region_family_avg"
223,"Marine crustaceans nei_1427","global_avg"
183,"Marine fishes nei_989","taxon_group_avg"
182,"Marine fishes nei_918","taxon_group_avg"
179,"Marine molluscs nei_812","taxon_group_avg"
182,"Marine molluscs nei_919","taxon_group_avg"
183,"Marine molluscs nei_990","taxon_group_avg"
183,"Meagre_991","global_species"
182,"Meagre_924","none"
182,"Mullets nei_925","taxon_group_avg"
176,"Mussels_774","global_species"
177,"Mussels_779","global_species"
179,"Mussels_786","global_species"
181,"Mussels_852","global_species"
182,"Mussels_939","global_species"
222,"Mussels_1415","global_species"
180,"Mussels_830","global_species"
223,"Mussels_1422","global_species"
183,"Mussels_997","global_species"
73,"Mussels_414","global_species"
227,"Mussels_1450","global_species"
228,"Mussels_1457","global_species"
143,"Mussels_656","global_species"
175,"Mussels_761","global_species"
180,"Mussels_839","global_species"
179,"Mussels_815","global_species"
180,"Mussels_845","global_species"
182,"Octopuses nei_927","global_avg"
179,"Oysters_816","global_species"
181,"Oysters_855","global_species"
180,"Oysters_841","global_species"
182,"Oysters_930","global_species"
181,"Oysters_858","global_species"
222,"Oysters_1416","global_species"
176,"Oysters_776","global_species"
223,"Oysters_1428","global_species"
227,"Oysters_1454","global_species"
228,"Oysters_1461","global_species"
177,"Oysters_780","global_species"
177,"Oysters_781","global_species"
183,"Oysters_981","global_species"
183,"Peppery furrow_994","taxon_group_avg"
179,"Periwinkles nei_818","taxon_group_avg"
182,"Pollack_935","family_avg"
223,"Rainbow trout_1429","global_species"
141,"Rainbow trout_647","global_species"
179,"Rainbow trout_819","global_species"
181,"Rainbow trout_859","global_species"
174,"Rainbow trout_757","global_species"
175,"Rainbow trout_768","global_species"
180,"Rainbow trout_843","global_species"
222,"Rainbow trout_1417","global_species"
70,"Rainbow trout_396","global_species"
143,"Rainbow trout_660","global_species"
182,"Rainbow trout_937","global_species"
174,"Salmonoids nei_758","region_family_avg"
183,"Sargo breams nei_996","region_family_avg"
182,"Scallops_903","global_species"
180,"Scallops_842","global_species"
179,"Scallops_803","global_species"
227,"Scallops_1452","global_species"
228,"Scallops_1459","global_species"
181,"Scallops_856","global_species"
223,"Scallops_1430","global_species"
182,"Scallops_956","global_species"
73,"Sea trout_416","family_avg"
179,"Sea trout_821","region_family_avg"
180,"Sea trout_846","family_avg"
174,"Sea trout_759","family_avg"
179,"Seaweed_825","global_species"
73,"Seaweed_402","global_species"
182,"Seaweed_941","global_species"
181,"Seaweed_851","global_species"
182,"Seaweed_958","global_species"
175,"Seaweed_762","global_species"
175,"Seaweed_770","global_species"
181,"Seaweed_862","global_species"
141,"Seaweed_649","global_species"
223,"Seaweed_1431","global_species"
182,"Senegalese sole_944","region_family_avg"
177,"Soles nei_782","taxon_group_avg"
182,"Spinous spider crab_949","global_avg"
182,"Spotted seabass_951","taxon_group_avg"
181,"Stony sea urchin_861","global_avg"
182,"Striped venus_954","georegion_family_avg"
179,"Turbot_824","global_species"
176,"Turbot_778","global_species"
181,"Turbot_863","global_species"
183,"Turbot_1001","global_species"
180,"Turbot_847","global_species"
143,"Turbot_662","global_species"
175,"Turbot_772","global_species"
182,"White seabream_960","region_family_avg"
183,"White seabream_1003","region_family_avg"
163,"Blue crab_697","global_avg"
218,"Atlantic bluefin tuna_1395","family_avg"
218,"Atlantic cod_1396","global_species"
218,"Atlantic salmon_1397","none"
163,"Atlantic salmon_696","none"
163,"Clams_712","global_species"
218,"Clams_1401","global_species"
218,"Marine molluscs nei_1407","taxon_group_avg"
163,"Mussels_698","global_species"
218,"Mussels_1399","global_species"
219,"Mussels_1413","global_species"
218,"Oysters_1394","global_species"
218,"Salmonids nei_1410","region_family_avg"
163,"Sand gaper_722","taxon_group_avg"
218,"Scallops_1411","global_species"
163,"Seaweed_699","global_species"
102,"Giant tiger prawn_525","global_species"
102,"Indian white prawn_527","region_family_avg"
102,"Japanese meagre_528","family_avg"
102,"Kuruma prawn_529","region_family_avg"
102,"Seaweed_535","global_species"
102,"Whiteleg shrimp_539","global_species"
102,"Abalones_533","global_species"
101,"Abalones_522","global_species"
102,"Carpet shells nei_523","family_avg"
102,"Mullets nei_531","taxon_group_avg"
102,"Mussels_530","global_species"
101,"Mussels_517","global_species"
102,"Mussels_536","global_species"
101,"Mussels_520","global_species"
102,"Oysters_532","global_species"
101,"Oysters_521","global_species"
102,"Red bait_534","global_avg"
101,"Seaweed_519","global_species"
102,"Seaweed_526","global_species"
102,"Smooth mactra_537","taxon_group_avg"
102,"Turbot_538","global_species"
173,"Penaeus shrimps nei_754","georegion_family_avg"
171,"Whiteleg shrimp_749","global_species"
171,"Cobia_736","global_species"
171,"Groupers nei_740","taxon_group_avg"
171,"Marine fishes nei_742","taxon_group_avg"
171,"Marine molluscs nei_743","taxon_group_avg"
171,"Mullets nei_744","taxon_group_avg"
171,"Mussels_748","global_species"
172,"Mussels_750","global_species"
95,"Mussels_515","global_species"
172,"Mussels_751","global_species"
171,"Oysters_737","global_species"
172,"Oysters_752","global_species"
95,"Oysters_516","global_species"
171,"Oysters_745","global_species"
172,"Rainbow trout_753","global_species"
171,"Scallops_746","global_species"
171,"Seaweed_739","global_species"
171,"Snooks(=Robalos) nei_747","taxon_group_avg"
139,"Blue shrimp_637","region_family_avg"
167,"Flathead grey mullet_731","taxon_group_avg"
167,"Lebranche mullet_732","taxon_group_avg"
163,"Northern white shrimp_713","region_family_avg"
135,"Oysters_595","global_species"
135,"Oysters_600","global_species"
115,"Penaeus shrimps nei_560","region_family_avg"
167,"Penaeus shrimps nei_733","georegion_family_avg"
116,"Penaeus shrimps nei_563","georegion_family_avg"
163,"Red drum_721","none"
112,"Southern white shrimp_549","region_family_avg"
132,"Whiteleg shrimp_585","global_species"
110,"Whiteleg shrimp_545","global_species"
163,"Whiteleg shrimp_725","none"
164,"Whiteleg shrimp_727","global_species"
139,"Whiteleg shrimp_641","global_species"
168,"Whiteleg shrimp_735","global_species"
135,"Whiteleg shrimp_615","none"
166,"Whiteleg shrimp_730","global_species"
112,"Whiteleg shrimp_551","global_species"
115,"Whiteleg shrimp_561","global_species"
167,"Whitemouth croaker_734","family_avg"
110,"Brine shrimp_541","taxon_group_avg"
110,"Caribbean spiny lobster_542","global_avg"
117,"Caribbean spiny lobster_564","global_avg"
116,"Cobia_562","global_species"
110,"Cobia_543","global_species"
140,"Cobia_642","global_species"
115,"Cobia_553","global_species"
129,"Cobia_574","none"
164,"Cobia_726","global_species"
132,"Cobia_584","global_species"
135,"Crevalle jack_601","georegion_family_avg"
115,"European seabass_554","global_species"
129,"Florida pompano_575","global_species"
115,"Florida pompano_555","global_species"
115,"Gilthead seabream_556","global_species"
129,"Longfin yellowtail_576","global_species"
111,"Marine crabs nei_546","global_avg"
140,"Marine fishes nei_643","taxon_group_avg"
135,"Marine fishes nei_604","taxon_group_avg"
115,"Meagre_558","global_species"
139,"Mussels_639","global_species"
163,"Oysters_695","global_species"
112,"Oysters_548","global_species"
166,"Oysters_729","global_species"
115,"Oysters_552","global_species"
111,"Queen conch_547","taxon_group_avg"
140,"Red drum_644","family_avg"
110,"Red drum_544","georegion_family_avg"
135,"Red drum_610","family_avg"
122,"Seaweed_569","global_species"
139,"Seaweed_638","global_species"
120,"Seaweed_567","global_species"
139,"Seaweed_640","global_species"
164,"Seaweed_728","global_species"
127,"Seaweed_572","global_species"
119,"Seaweed_566","global_species"
125,"Seaweed_570","global_species"
244,"Stromboid conchs nei_1474","taxon_group_avg"
245,"Stromboid conchs nei_1475","taxon_group_avg"
250,"Stromboid conchs nei_1488","taxon_group_avg"
112,"Tropical spiny lobsters nei_550","global_avg"
179,"European eel_794","global_species"
143,"Rainbow trout_659","global_species"
182,"Whiteleg shrimp_962","global_species"
216,"Akiami paste shrimp_1321","taxon_group_avg"
206,"Banana prawn_1105","region_family_avg"
206,"Barramundi(=Giant seaperch)_1107","global_species"
25,"Barramundi(=Giant seaperch)_248","global_species"
40,"Barramundi(=Giant seaperch)_287","global_species"
16,"Barramundi(=Giant seaperch)_129","global_species"
203,"Barramundi(=Giant seaperch)_1081","global_species"
203,"Giant tiger prawn_1082","none"
206,"Giant tiger prawn_1123","none"
40,"Giant tiger prawn_290","global_species"
25,"Giant tiger prawn_255","global_species"
205,"Giant tiger prawn_1099","none"
204,"Giant tiger prawn_1090","none"
206,"Greasy grouper_1126","taxon_group_avg"
25,"Groupers nei_259","taxon_group_avg"
203,"Indian white prawn_1085","region_family_avg"
204,"Indian white prawn_1091","region_family_avg"
206,"Indo-Pacific swamp crab_1133","global_avg"
16,"Indo-Pacific swamp crab_146","global_avg"
40,"Indo-Pacific swamp crab_292","global_avg"
231,"Indo-Pacific swamp crab_1465","global_avg"
204,"Marine fishes nei_1092","taxon_group_avg"
203,"Marine fishes nei_1086","taxon_group_avg"
231,"Milkfish_1466","taxon_group_avg"
40,"Milkfish_293","taxon_group_avg"
205,"Orange mud crab_1102","global_avg"
203,"Orange mud crab_1087","global_avg"
204,"Orange mud crab_1093","global_avg"
16,"Oysters_150","global_species"
40,"Oysters_291","global_species"
204,"Penaeus shrimps nei_1094","region_family_avg"
231,"Penaeus shrimps nei_1467","region_family_avg"
205,"Penaeus shrimps nei_1103","region_family_avg"
40,"Seaweed_289","global_species"
206,"Snappers nei_1146","taxon_group_avg"
204,"Speckled shrimp_1095","region_family_avg"
40,"Tropical spiny lobsters nei_294","global_avg"
25,"Whiteleg shrimp_267","none"
203,"Whiteleg shrimp_1089","none"
206,"Whiteleg shrimp_1154","none"
231,"Whiteleg shrimp_1468","global_species"
40,"Whiteleg shrimp_295","global_species"
205,"Whiteleg shrimp_1104","global_species"
25,"[Scylla spp]_268","taxon_group_avg"
16,"Abalones_123","global_species"
205,"Aquatic invertebrates nei_1096","global_avg"
16,"Atlantic salmon_125","global_species"
205,"Barramundi(=Giant seaperch)_1097","global_species"
40,"Barramundi(=Giant seaperch)_288","global_species"
206,"Blacktip grouper_1109","taxon_group_avg"
206,"Blood cockle_1111","family_avg"
25,"Blood cockle_250","family_avg"
206,"Brown-marbled grouper_1115","taxon_group_avg"
16,"Finfishes nei_139","taxon_group_avg"
206,"Fourfinger threadfin_1120","taxon_group_avg"
206,"Giant grouper_1121","taxon_group_avg"
205,"Groupers nei_1100","taxon_group_avg"
206,"Groupers nei_1130","taxon_group_avg"
206,"Humpback grouper_1132","taxon_group_avg"
205,"Indo-Pacific swamp crab_1101","global_avg"
206,"Jacks, crevalles nei_1135","region_family_avg"
206,"John's snapper_1137","taxon_group_avg"
206,"Mangrove red snapper_1140","taxon_group_avg"
206,"Marine fishes nei_1142","taxon_group_avg"
16,"Marine fishes nei_148","taxon_group_avg"
16,"Mussels_126","global_species"
206,"Mussels_1128","global_species"
25,"Mussels_257","global_species"
16,"Oysters_156","global_species"
25,"Oysters_252","global_species"
206,"Oysters_1116","global_species"
203,"Seaweed_1088","global_species"
231,"Seaweed_1464","global_species"
205,"Seaweed_1098","global_species"
206,"Snubnose pompano_1149","global_species"
16,"Southern bluefin tuna_155","none"
206,"Tiger-dragon grouper, hybrid_1151","taxon_group_avg"
54,"Barramundi(=Giant seaperch)_339","global_species"
50,"Giant tiger prawn_320","global_species"
31,"Giant tiger prawn_272","global_species"
37,"Giant tiger prawn_279","global_species"
42,"Giant tiger prawn_302","global_species"
41,"Giant tiger prawn_297","global_species"
54,"Giant tiger prawn_341","global_species"
202,"Giant tiger prawn_1077","global_species"
54,"Green tiger prawn_345","region_family_avg"
48,"Green tiger prawn_312","georegion_family_avg"
191,"Indian white prawn_1069","region_family_avg"
50,"Indian white prawn_324","region_family_avg"
54,"Indian white prawn_346","region_family_avg"
48,"Indian white prawn_313","georegion_family_avg"
41,"Indian white prawn_298","region_family_avg"
47,"Indian white prawn_310","georegion_family_avg"
202,"Indo-Pacific swamp crab_1078","global_avg"
42,"Indo-Pacific swamp crab_303","global_avg"
32,"Marine fishes nei_275","taxon_group_avg"
45,"Marine fishes nei_308","taxon_group_avg"
202,"Milkfish_1079","taxon_group_avg"
43,"Milkfish_305","taxon_group_avg"
54,"Orange-spotted grouper_348","taxon_group_avg"
43,"Penaeus shrimps nei_306","georegion_family_avg"
53,"Penaeus shrimps nei_338","georegion_family_avg"
45,"Penaeus shrimps nei_309","georegion_family_avg"
190,"White-spotted spinefoot_1066","taxon_group_avg"
191,"Whiteleg shrimp_1072","global_species"
50,"Whiteleg shrimp_328","global_species"
54,"Yellowtail amberjack_352","global_species"
50,"Barramundi(=Giant seaperch)_317","global_species"
32,"Cobia_273","global_species"
29,"Cobia_270","global_species"
50,"Croakers, drums nei_318","region_family_avg"
32,"Drums nei_274","family_avg"
54,"European seabass_340","global_species"
37,"European seabass_278","global_species"
191,"European seabass_1068","global_species"
50,"Flathead grey mullet_319","taxon_group_avg"
48,"Gilthead seabream_311","global_species"
51,"Gilthead seabream_329","global_species"
54,"Gilthead seabream_342","global_species"
52,"Gilthead seabream_334","global_species"
50,"Gilthead seabream_321","global_species"
50,"Goldlined seabream_322","region_family_avg"
54,"Goldlined seabream_343","region_family_avg"
37,"Goldlined seabream_280","family_avg"
51,"Goldsilk seabream_330","region_family_avg"
54,"Greasy grouper_344","taxon_group_avg"
50,"Groupers nei_323","taxon_group_avg"
37,"Indo-Pacific swamp crab_282","global_avg"
41,"Japanese meagre_299","family_avg"
37,"Japanese meagre_283","family_avg"
37,"Marine fishes nei_284","taxon_group_avg"
51,"Marine fishes nei_331","taxon_group_avg"
191,"Marine fishes nei_1070","taxon_group_avg"
50,"Meagre_325","global_species"
54,"Mullets nei_347","taxon_group_avg"
203,"Mussels_1083","global_species"
51,"Orange-spotted grouper_332","taxon_group_avg"
52,"Orange-spotted grouper_335","taxon_group_avg"
37,"Oysters_281","global_species"
203,"Oysters_1084","global_species"
54,"Oysters_349","global_species"
32,"Pargo breams nei_276","family_avg"
48,"Porgies, seabreams nei_314","region_family_avg"
32,"Red drum_277","family_avg"
29,"Red drum_271","family_avg"
37,"Red drum_285","family_avg"
42,"Sea cucumbers nei_304","global_avg"
202,"Seaweed_1080","global_species"
42,"Seaweed_301","global_species"
41,"Seaweed_296","global_species"
41,"Seaweed_300","global_species"
43,"Seaweed_307","global_species"
52,"Sobaity seabream_336","region_family_avg"
51,"Sobaity seabream_333","region_family_avg"
54,"Sobaity seabream_350","region_family_avg"
50,"Sobaity seabream_326","region_family_avg"
50,"Spinefeet(=Rabbitfishes) nei_327","taxon_group_avg"
37,"Spinefeet(=Rabbitfishes) nei_286","taxon_group_avg"
54,"White-spotted spinefoot_351","taxon_group_avg"
52,"White-spotted spinefoot_337","taxon_group_avg"
190,"Yellowfin seabream_1067","georegion_family_avg"
48,"Yellowfin seabream_315","region_family_avg"
48,"Yellowfin tuna_316","georegion_family_avg"
182,"Atlantic ditch shrimp_868","taxon_group_avg"
75,"Baltic prawn_421","taxon_group_avg"
79,"Barramundi(=Giant seaperch)_451","global_species"
84,"Caramote prawn_505","georegion_family_avg"
62,"Clams_373","global_species"
184,"Common prawn_1006","taxon_group_avg"
84,"Common sole_506","global_species"
80,"Common sole_464","global_species"
184,"Common two-banded seabream_1008","region_family_avg"
184,"European eel_1011","global_species"
186,"European eel_1044","global_species"
62,"European eel_374","global_species"
80,"European eel_465","global_species"
75,"European flounder_422","family_avg"
184,"European seabass_1014","none"
61,"European seabass_359","global_species"
179,"European seabass_797","none"
80,"European seabass_469","none"
79,"European seabass_453","global_species"
78,"European seabass_448","global_species"
184,"Flathead grey mullet_1016","taxon_group_avg"
61,"Flathead grey mullet_361","taxon_group_avg"
80,"Flathead grey mullet_470","taxon_group_avg"
184,"Giant tiger prawn_1018","global_species"
80,"Giant tiger prawn_472","global_species"
184,"Gilthead seabream_1019","none"
61,"Gilthead seabream_362","global_species"
80,"Gilthead seabream_473","none"
214,"Gilthead seabream_1315","none"
79,"Gilthead seabream_455","global_species"
78,"Gilthead seabream_449","global_species"
75,"Gobies nei_423","taxon_group_avg"
184,"Green tiger prawn_1022","region_family_avg"
184,"Grooved carpet shell_1023","region_family_avg"
62,"Grooved carpet shell_378","region_family_avg"
81,"Indian white prawn_494","georegion_family_avg"
184,"Japanese carpet shell_1025","region_family_avg"
182,"Kuruma prawn_915","region_family_avg"
184,"Kuruma prawn_1027","region_family_avg"
80,"Kuruma prawn_475","region_family_avg"
82,"Kuruma prawn_503","georegion_family_avg"
214,"Marine fishes nei_1316","taxon_group_avg"
79,"Marine fishes nei_457","taxon_group_avg"
80,"Marine fishes nei_477","taxon_group_avg"
184,"Meagre_1030","none"
182,"Meagre_922","none"
214,"Meagre_1317","none"
80,"Mediterranean shore crab_481","global_avg"
214,"Mullets nei_1318","taxon_group_avg"
75,"Mullets nei_426","taxon_group_avg"
184,"Mullets nei_1034","taxon_group_avg"
184,"Mussels_1032","global_species"
61,"Mussels_368","global_species"
76,"Natantian decapods nei_438","global_avg"
184,"Oysters_1013","global_species"
61,"Oysters_370","global_species"
184,"Oysters_1035","global_species"
62,"Penaeus shrimps nei_382","georegion_family_avg"
214,"Penaeus shrimps nei_1319","region_family_avg"
84,"Penaeus shrimps nei_514","georegion_family_avg"
182,"Pod razor shell_934","taxon_group_avg"
184,"Porgies, seabreams nei_1037","region_family_avg"
79,"Red drum_459","georegion_family_avg"
184,"Seaweed_1021","global_species"
80,"Sharpsnout seabream_485","region_family_avg"
75,"So-iuy mullet_427","taxon_group_avg"
61,"Thinlip grey mullet_372","taxon_group_avg"
80,"White seabream_489","region_family_avg"
184,"White seabream_1042","region_family_avg"
78,"Whiteleg shrimp_450","global_species"
214,"Whiteleg shrimp_1320","global_species"
184,"[Mugil spp]_1043","taxon_group_avg"
182,"Atlantic bluefin tuna_866","water_body"
187,"Atlantic bluefin tuna_1049","water_body"
184,"Atlantic bluefin tuna_1005","water_body"
61,"Atlantic bluefin tuna_353","water_body"
76,"Atlantic bluefin tuna_428","water_body"
81,"Atlantic bluefin tuna_490","water_body"
68,"Atlantic bluefin tuna_392","water_body"
80,"Atlantic bluefin tuna_461","water_body"
76,"Atlantic salmon_429","global_species"
76,"Bluespotted seabream_430","region_family_avg"
61,"Carpet shells nei_354","georegion_family_avg"
80,"Clams_487","global_species"
184,"Clams_1040","global_species"
188,"Clams_1060","global_species"
61,"Common cuttlefish_355","global_avg"
182,"Common dentex_875","region_family_avg"
232,"Common dentex_1469","region_family_avg"
187,"Common dentex_1050","region_family_avg"
80,"Common dentex_462","region_family_avg"
76,"Common dentex_431","region_family_avg"
80,"Common pandora_463","region_family_avg"
81,"Common pandora_491","region_family_avg"
182,"Common sole_880","global_species"
61,"Common sole_356","global_species"
184,"Common sole_1007","global_species"
76,"Common two-banded seabream_432","region_family_avg"
61,"European eel_357","global_species"
184,"European eel_1012","global_species"
80,"European eel_466","global_species"
80,"European seabass_468","none"
81,"European seabass_492","none"
84,"European seabass_508","global_species"
179,"European seabass_798","none"
182,"European seabass_892","none"
186,"European seabass_1046","global_species"
184,"European seabass_1015","none"
76,"European seabass_433","none"
62,"European seabass_376","global_species"
68,"European seabass_393","none"
187,"European seabass_1052","none"
188,"European seabass_1061","none"
79,"European seabass_452","global_species"
67,"European seabass_390","global_species"
232,"European seabass_1471","global_species"
82,"European seabass_501","global_species"
61,"European seabass_360","global_species"
73,"Flatfishes nei_407","taxon_group_avg"
80,"Flathead grey mullet_471","taxon_group_avg"
184,"Flathead grey mullet_1017","taxon_group_avg"
182,"Gastropods nei_896","taxon_group_avg"
79,"Gilthead seabream_454","global_species"
80,"Gilthead seabream_474","none"
84,"Gilthead seabream_509","global_species"
179,"Gilthead seabream_801","none"
186,"Gilthead seabream_1047","global_species"
182,"Gilthead seabream_898","none"
76,"Gilthead seabream_434","none"
81,"Gilthead seabream_493","none"
62,"Gilthead seabream_377","global_species"
184,"Gilthead seabream_1020","none"
68,"Gilthead seabream_394","none"
187,"Gilthead seabream_1053","none"
188,"Gilthead seabream_1062","global_species"
67,"Gilthead seabream_391","global_species"
82,"Gilthead seabream_502","global_species"
232,"Gilthead seabream_1472","global_species"
61,"Gilthead seabream_363","global_species"
182,"Greater amberjack_904","global_species"
182,"Green crab_905","global_avg"
84,"Grooved carpet shell_510","georegion_family_avg"
184,"Grooved carpet shell_1024","region_family_avg"
61,"Groupers nei_364","taxon_group_avg"
184,"Japanese carpet shell_1026","region_family_avg"
184,"Kuruma prawn_1028","region_family_avg"
81,"Marbled spinefoot_495","taxon_group_avg"
61,"Marine crustaceans nei_365","global_avg"
61,"Marine fishes nei_366","taxon_group_avg"
62,"Marine fishes nei_379","taxon_group_avg"
80,"Marine fishes nei_476","taxon_group_avg"
179,"Marine fishes nei_811","taxon_group_avg"
79,"Marine fishes nei_456","taxon_group_avg"
187,"Marine fishes nei_1055","taxon_group_avg"
184,"Marine fishes nei_1029","taxon_group_avg"
76,"Marine fishes nei_435","taxon_group_avg"
68,"Marine fishes nei_395","taxon_group_avg"
80,"Marine molluscs nei_478","taxon_group_avg"
179,"Meagre_813","none"
184,"Meagre_1031","none"
182,"Meagre_921","none"
81,"Meagre_496","none"
187,"Meagre_1056","none"
80,"Meagre_479","none"
76,"Meagre_436","none"
61,"Meagre_367","global_species"
73,"Mullets nei_410","taxon_group_avg"
75,"Mullets nei_425","taxon_group_avg"
186,"Mussels_1048","global_species"
184,"Mussels_1033","global_species"
80,"Mussels_480","global_species"
82,"Mussels_504","global_species"
71,"Mussels_397","global_species"
84,"Mussels_511","global_species"
73,"Mussels_409","global_species"
75,"Mussels_424","global_species"
187,"Mussels_1057","global_species"
188,"Mussels_1063","global_species"
76,"Mussels_437","global_species"
62,"Mussels_380","global_species"
232,"Mussels_1473","global_species"
72,"Mussels_398","global_species"
61,"Octopuses nei_369","global_avg"
186,"Oysters_1045","global_species"
84,"Oysters_513","global_species"
187,"Oysters_1051","global_species"
80,"Oysters_467","global_species"
184,"Oysters_1010","global_species"
232,"Oysters_1470","global_species"
73,"Oysters_405","global_species"
187,"Pargo breams nei_1058","region_family_avg"
76,"Pink dentex_439","region_family_avg"
184,"Porgies, seabreams nei_1036","region_family_avg"
76,"Porgies, seabreams nei_440","region_family_avg"
76,"Rainbow trout_441","global_species"
74,"Rainbow trout_420","global_species"
79,"Red drum_458","georegion_family_avg"
80,"Red porgy_482","region_family_avg"
81,"Red porgy_497","region_family_avg"
76,"Red porgy_442","region_family_avg"
81,"Red seabream_498","region_family_avg"
76,"Redbanded seabream_443","region_family_avg"
61,"Sargo breams nei_371","region_family_avg"
187,"Scallops_1054","global_species"
80,"Sciaenas nei_483","region_family_avg"
76,"Sciaenas nei_444","region_family_avg"
62,"Seaweed_383","global_species"
182,"Senegalese sole_943","region_family_avg"
81,"Sharpsnout seabream_499","region_family_avg"
184,"Sharpsnout seabream_1038","region_family_avg"
187,"Sharpsnout seabream_1059","region_family_avg"
188,"Sharpsnout seabream_1064","region_family_avg"
80,"Sharpsnout seabream_484","region_family_avg"
76,"Sharpsnout seabream_445","region_family_avg"
81,"Shi drum_500","region_family_avg"
184,"Shi drum_1039","region_family_avg"
80,"Shi drum_486","region_family_avg"
76,"Shi drum_446","region_family_avg"
182,"Soles nei_948","taxon_group_avg"
79,"Striped bass, hybrid_460","global_species"
182,"Striped bass, hybrid_953","global_species"
76,"Trouts nei_447","region_family_avg"
182,"Warty venus_959","georegion_family_avg"
188,"Warty venus_1065","region_family_avg"
80,"White seabream_488","region_family_avg"
179,"White seabream_826","region_family_avg"
184,"White seabream_1041","region_family_avg"
147,"Barramundi(=Giant seaperch)_664","global_species"
129,"Blue shrimp_573","region_family_avg"
147,"Blue shrimp_666","georegion_family_avg"
134,"Blue shrimp_589","region_family_avg"
131,"Blue shrimp_582","region_family_avg"
153,"Giant tiger prawn_678","global_species"
134,"Marine fishes nei_592","taxon_group_avg"
153,"Milkfish_679","taxon_group_avg"
155,"Milkfish_688","taxon_group_avg"
136,"Mussels_620","global_species"
130,"Natantian decapods nei_578","global_avg"
135,"Oysters_599","global_species"
136,"Penaeus shrimps nei_619","region_family_avg"
155,"Seaweed_683","global_species"
129,"Whiteleg shrimp_577","global_species"
133,"Whiteleg shrimp_587","none"
131,"Whiteleg shrimp_583","none"
135,"Whiteleg shrimp_614","none"
130,"Whiteleg shrimp_581","global_species"
134,"Whiteleg shrimp_593","global_species"
136,"Whiteleg shrimp_621","global_species"
135,"Abalones_594","global_species"
135,"Abalones_609","global_species"
147,"Barramundi(=Giant seaperch)_663","global_species"
135,"Bastard halibuts nei_596","taxon_group_avg"
134,"Black ark_588","family_avg"
147,"Blue shrimp_667","georegion_family_avg"
135,"Clams_598","global_species"
152,"Cockles_676","global_species"
155,"Cockles_689","global_species"
153,"Cockles_677","global_species"
135,"Flathead grey mullet_602","taxon_group_avg"
134,"Grand ark_591","family_avg"
135,"Jacks, crevalles nei_603","georegion_family_avg"
163,"Longfin yellowtail_710","none"
147,"Marine fishes nei_668","taxon_group_avg"
147,"Mussels_670","global_species"
135,"Mussels_611","global_species"
147,"Oysters_669","global_species"
135,"Oysters_608","global_species"
130,"Oysters_579","global_species"
134,"Oysters_590","global_species"
153,"Pacific asaphis_680","family_avg"
135,"Pacific bluefin tuna_606","none"
153,"Rough turban_681","taxon_group_avg"
135,"Scallops_607","global_species"
155,"Seaweed_690","global_species"
135,"Seaweed_618","global_species"
147,"Sixfinger threadfin_671","taxon_group_avg"
135,"Snappers nei_612","taxon_group_avg"
130,"Spotted rose snapper_580","taxon_group_avg"
135,"Striped bass_613","none"
135,"Yellowfin tuna_617","region_family_avg"
163,"Abalones_720","global_species"
163,"Chinook(=Spring=King) salmon_702","global_species"
218,"Chinook(=Spring=King) salmon_1402","none"
163,"Cockles_704","global_species"
163,"Coho(=Silver) salmon_705","global_species"
218,"Coho(=Silver) salmon_1403","global_species"
163,"Japanese carpet shell_709","region_family_avg"
218,"Japanese carpet shell_1404","georegion_family_avg"
163,"Marine fishes nei_711","taxon_group_avg"
218,"Marine fishes nei_1405","taxon_group_avg"
218,"Marine molluscs nei_1406","taxon_group_avg"
163,"Pacific geoduck_716","none"
218,"Rainbow trout_1409","none"
163,"Rainbow trout_719","none"
14,"Abalones_30","global_species"
14,"Amberjacks nei_32","region_family_avg"
14,"Barramundi(=Giant seaperch)_34","global_species"
20,"Bastard halibut_177","taxon_group_avg"
14,"Blackhead seabream_36","family_avg"
14,"Blue swimming crab_39","global_avg"
14,"Clams_40","global_species"
14,"Clams_60","global_species"
14,"Cobia_43","global_species"
14,"Diphos sanguin_45","region_family_avg"
14,"Flathead grey mullet_47","taxon_group_avg"
20,"Fleshy prawn_183","region_family_avg"
209,"Fleshy prawn_1240","region_family_avg"
14,"Fourfinger threadfin_49","taxon_group_avg"
14,"Giant tiger prawn_50","global_species"
209,"Giant tiger prawn_1242","global_species"
14,"Greasyback shrimp_51","region_family_avg"
209,"Green mud crab_1246","global_avg"
14,"Groupers nei_53","taxon_group_avg"
14,"Indo-Pacific swamp crab_55","global_avg"
14,"Japanese carpet shell_57","region_family_avg"
14,"Japanese eel_58","none"
209,"Japanese seabass_1253","taxon_group_avg"
14,"Japanese seabass_61","taxon_group_avg"
14,"Japanese spiny lobster_62","global_avg"
210,"Kuruma prawn_1296","georegion_family_avg"
14,"Kuruma prawn_64","region_family_avg"
20,"Kuruma prawn_200","region_family_avg"
209,"Kuruma prawn_1254","region_family_avg"
209,"Lefteye flounders nei_1256","taxon_group_avg"
14,"Marine crabs nei_68","global_avg"
209,"Marine crabs nei_1258","global_avg"
20,"Marine crustaceans nei_202","global_avg"
14,"Marine fishes nei_70","taxon_group_avg"
14,"Marine molluscs nei_72","taxon_group_avg"
14,"Milkfish_75","taxon_group_avg"
14,"Natantian decapods nei_76","global_avg"
209,"Penaeus shrimps nei_1266","region_family_avg"
14,"Porgies, seabreams nei_78","family_avg"
209,"Portunus swimcrabs nei_1269","global_avg"
14,"Red seabream_80","family_avg"
14,"Redtail prawn_82","region_family_avg"
209,"Righteye flounders nei_1271","family_avg"
20,"Righteye flounders nei_215","family_avg"
14,"Seaweed_89","global_species"
14,"Snappers, jobfishes nei_84","taxon_group_avg"
21,"Tiger pufferfish_232","taxon_group_avg"
209,"Turbot_1280","global_species"
14,"Two-spot red snapper_87","taxon_group_avg"
14,"Waigieu seaperch_88","region_family_avg"
14,"Whiteleg shrimp_91","global_species"
209,"Whiteleg shrimp_1282","none"
20,"Whiteleg shrimp_219","global_species"
209,"[Rhopilema esculentum]_1283","global_avg"
20,"Abalones_174","global_species"
14,"Abalones_31","global_species"
209,"Abalones_1229","global_species"
14,"Amberjacks nei_33","region_family_avg"
209,"Amberjacks nei_1230","region_family_avg"
20,"Amberjacks nei_175","georegion_family_avg"
209,"Aquatic invertebrates nei_1231","global_avg"
20,"Aquatic invertebrates nei_176","global_avg"
210,"Aquatic invertebrates nei_1284","global_avg"
73,"Aquatic invertebrates nei_399","global_avg"
209,"Areolate grouper_1232","taxon_group_avg"
21,"Atlantic salmon_224","global_species"
209,"Barramundi(=Giant seaperch)_1233","global_species"
14,"Barramundi(=Giant seaperch)_35","global_species"
210,"Bastard halibut_1285","taxon_group_avg"
210,"Blackhead seabream_1286","family_avg"
14,"Blackhead seabream_37","family_avg"
20,"Blackhead seabream_178","family_avg"
20,"Blood cockle_179","family_avg"
14,"Blood cockle_38","family_avg"
209,"Blood cockle_1234","family_avg"
73,"Chum(=Keta=Dog) salmon_403","region_family_avg"
14,"Clams_59","global_species"
20,"Clams_194","global_species"
210,"Clams_1287","global_species"
21,"Clams_225","global_species"
14,"Cobia_42","global_species"
209,"Cobia_1236","global_species"
20,"Cockles_186","global_species"
210,"Coho(=Silver) salmon_1288","global_species"
20,"Convict grouper_180","taxon_group_avg"
210,"Crimson seabream_1289","family_avg"
14,"Croakers, drums nei_44","family_avg"
14,"Diphos sanguin_46","region_family_avg"
20,"Dotted gizzard shad_181","taxon_group_avg"
210,"Filefishes nei_1290","taxon_group_avg"
20,"Filefishes, leatherjackets nei_182","taxon_group_avg"
73,"Flatfishes nei_406","taxon_group_avg"
210,"Flathead grey mullet_1291","taxon_group_avg"
14,"Flathead grey mullet_48","taxon_group_avg"
210,"Gazami crab_1292","global_avg"
209,"Goldlined seabream_1243","family_avg"
209,"Greasy grouper_1245","taxon_group_avg"
14,"Greater amberjack_52","global_species"
14,"Groupers nei_54","taxon_group_avg"
209,"Groupers nei_1247","taxon_group_avg"
20,"Half-crenated ark_189","family_avg"
209,"Hong Kong grouper_1248","taxon_group_avg"
20,"Horned turban_190","taxon_group_avg"
20,"Inflated ark_191","family_avg"
20,"Jack and horse mackerels nei_192","georegion_family_avg"
210,"Japanese amberjack_1293","none"
20,"Japanese carpet shell_193","region_family_avg"
209,"Japanese carpet shell_1249","georegion_family_avg"
14,"Japanese carpet shell_56","region_family_avg"
210,"Japanese jack mackerel_1294","region_family_avg"
209,"Japanese sea cucumber_1252","global_avg"
21,"Japanese sea cucumber_229","global_avg"
73,"Japanese sea cucumber_408","global_avg"
20,"Japanese sea cucumber_196","global_avg"
20,"Japanese seabass_197","taxon_group_avg"
14,"Japanese spiny lobster_63","global_avg"
20,"Korean rockfish_199","taxon_group_avg"
14,"Kuruma prawn_65","region_family_avg"
209,"Large yellow croaker_1255","family_avg"
14,"Malabar trevally_67","region_family_avg"
209,"Mangrove red snapper_1257","taxon_group_avg"
14,"Marine crabs nei_69","global_avg"
210,"Marine crustaceans nei_1298","global_avg"
210,"Marine fishes nei_1299","taxon_group_avg"
209,"Marine fishes nei_1259","taxon_group_avg"
20,"Marine fishes nei_203","taxon_group_avg"
14,"Marine fishes nei_71","taxon_group_avg"
21,"Marine fishes nei_231","taxon_group_avg"
209,"Marine molluscs nei_1261","taxon_group_avg"
20,"Marine molluscs nei_204","taxon_group_avg"
14,"Marine molluscs nei_73","taxon_group_avg"
20,"Mi-iuy (brown) croaker_205","family_avg"
14,"Mi-iuy (brown) croaker_74","family_avg"
20,"Mullets nei_206","taxon_group_avg"
20,"Mussels_198","global_species"
209,"Mussels_1274","global_species"
210,"Octopuses, etc. nei_1300","global_avg"
20,"Okhotsk atka mackerel_207","taxon_group_avg"
209,"Orange-spotted grouper_1263","taxon_group_avg"
14,"Oysters_77","global_species"
20,"Oysters_209","global_species"
209,"Oysters_1237","global_species"
210,"Oysters_1302","global_species"
73,"Oysters_404","global_species"
210,"Pacific bluefin tuna_1301","none"
20,"Pacific chub mackerel_208","georegion_family_avg"
209,"Pen shells nei_1265","taxon_group_avg"
73,"Pink(=Humpback) salmon_411","region_family_avg"
209,"Pompano_1267","region_family_avg"
14,"Porgies, seabreams nei_79","family_avg"
20,"Porgies, seabreams nei_210","family_avg"
209,"Porgies, seabreams nei_1268","family_avg"
20,"Pufferfishes nei_211","taxon_group_avg"
20,"Rainbow trout_212","global_species"
209,"Red drum_1270","family_avg"
210,"Red oyas_1304","global_avg"
20,"Red oyas_213","global_avg"
20,"Red seabream_214","family_avg"
14,"Red seabream_81","family_avg"
209,"Russell's snapper_1272","taxon_group_avg"
73,"Salmonoids nei_412","region_family_avg"
210,"Scallops_1310","global_species"
209,"Scallops_1273","global_species"
73,"Scallops_419","global_species"
20,"Scallops_220","global_species"
21,"Scallops_234","global_species"
20,"Scorpionfishes, redfishes nei_216","taxon_group_avg"
209,"Sea snails_1275","taxon_group_avg"
20,"Sea squirts nei_217","global_avg"
73,"Sea urchins nei_417","global_avg"
209,"Sea urchins nei_1276","global_avg"
20,"Seaweed_218","global_species"
21,"Seaweed_228","global_species"
209,"Seaweed_1251","global_species"
210,"Seaweed_1308","global_species"
73,"Seaweed_401","global_species"
21,"Seaweed_233","global_species"
20,"Seaweed_221","global_species"
209,"Seaweed_1262","global_species"
14,"Seaweed_66","global_species"
14,"Seaweed_90","global_species"
209,"Seaweed_1281","global_species"
20,"Seaweed_223","global_species"
209,"Snappers nei_1277","taxon_group_avg"
14,"Snappers, jobfishes nei_85","taxon_group_avg"
209,"Snubnose pompano_1278","global_species"
73,"Sockeye(=Red) salmon_418","global_species"
210,"Spiny lobsters nei_1306","global_avg"
210,"Tiger pufferfish_1307","taxon_group_avg"
209,"Tiger pufferfish_1279","taxon_group_avg"
14,"Trumpet emperor_86","taxon_group_avg"
210,"White trevally_1309","region_family_avg"
14,"Yellowback seabream_92","family_avg"
20,"[Oplegnathus fasciatus]_222","taxon_group_avg"
137,"Blue shrimp_622","region_family_avg"
224,"Turbot_1447","global_species"
137,"Whiteleg shrimp_627","none"
138,"Whiteleg shrimp_634","global_species"
224,"Yellowtail amberjack_1448","global_species"
224,"Abalones_1446","global_species"
138,"Abalones_628","global_species"
224,"Atlantic salmon_1432","none"
224,"Chinook(=Spring=King) salmon_1435","global_species"
224,"Coho(=Silver) salmon_1438","none"
138,"Flatfishes nei_629","taxon_group_avg"
224,"Masu(=Cherry) salmon_1442","region_family_avg"
224,"Mussels_1433","global_species"
224,"Mussels_1437","global_species"
224,"Oysters_1434","global_species"
224,"Oysters_1443","global_species"
138,"Oysters_632","global_species"
137,"Oysters_624","global_species"
224,"Rainbow trout_1445","none"
137,"Red drum_625","family_avg"
138,"Scallops_633","global_species"
224,"Scallops_1444","global_species"
137,"Scallops_626","global_species"
224,"Seaweed_1440","global_species"
138,"Seaweed_631","global_species"
224,"Seaweed_1449","global_species"
138,"Seaweed_635","global_species"
137,"Seaweed_623","global_species"
138,"Seaweed_636","global_species"
16,"Brine shrimp_131","taxon_group_avg"
16,"Brown tiger prawn_132","region_family_avg"
16,"Eastern king prawn_136","region_family_avg"
16,"Eastern school shrimp_138","region_family_avg"
16,"Giant tiger prawn_144","global_species"
16,"Kuruma prawn_147","region_family_avg"
16,"Penaeus shrimps nei_152","region_family_avg"
162,"Abalones_694","global_species"
16,"Aquatic invertebrates nei_124","global_avg"
162,"Chinook(=Spring=King) salmon_691","none"
16,"Chinook(=Spring=King) salmon_133","global_species"
16,"Eastern king prawn_137","region_family_avg"
162,"Mussels_692","global_species"
16,"Oysters_140","global_species"
162,"Oysters_693","global_species"
16,"Rainbow trout_153","global_species"
16,"Scallops_154","global_species"
25,"Abalones_245","global_species"
216,"Banana prawn_1322","region_family_avg"
207,"Banana prawn_1156","region_family_avg"
13,"Banana prawn_26","region_family_avg"
208,"Banana prawn_1169","region_family_avg"
15,"Banana prawn_93","region_family_avg"
25,"Banana prawn_246","region_family_avg"
216,"Banded grouper_1323","taxon_group_avg"
216,"Barramundi(=Giant seaperch)_1325","global_species"
25,"Barramundi(=Giant seaperch)_247","global_species"
16,"Barramundi(=Giant seaperch)_128","global_species"
208,"Barramundi(=Giant seaperch)_1172","global_species"
216,"Barred-chest grouper_1327","taxon_group_avg"
216,"Blacktail snapper_1333","taxon_group_avg"
5,"Blue shrimp_1","georegion_family_avg"
247,"Blue shrimp_1477","region_family_avg"
6,"Blue shrimp_6","region_family_avg"
216,"Blue shrimp_1337","region_family_avg"
18,"Blue shrimp_165","region_family_avg"
208,"Blue swimming crab_1176","global_avg"
208,"Brown-marbled grouper_1178","taxon_group_avg"
216,"Brown-marbled grouper_1340","taxon_group_avg"
208,"Crimson snapper_1181","taxon_group_avg"
216,"Deepwater longtail red snapper_1343","taxon_group_avg"
18,"Flathead grey mullet_167","taxon_group_avg"
25,"Fourfinger threadfin_253","taxon_group_avg"
216,"Foursaddle grouper_1346","taxon_group_avg"
208,"Giant grouper_1185","taxon_group_avg"
207,"Giant tiger prawn_1159","none"
216,"Giant tiger prawn_1348","none"
15,"Giant tiger prawn_99","global_species"
25,"Giant tiger prawn_254","global_species"
18,"Giant tiger prawn_168","global_species"
7,"Giant tiger prawn_9","global_species"
247,"Giant tiger prawn_1478","global_species"
208,"Giant tiger prawn_1186","global_species"
17,"Giant tiger prawn_159","global_species"
8,"Golden-lined spinefoot_15","taxon_group_avg"
25,"Groupers nei_258","taxon_group_avg"
216,"Groupers nei_1353","taxon_group_avg"
208,"Groupers nei_1193","taxon_group_avg"
15,"Groupers, seabasses nei_103","taxon_group_avg"
208,"Humpback grouper_1195","taxon_group_avg"
207,"Indian white prawn_1161","region_family_avg"
216,"Indo-Pacific swamp crab_1358","global_avg"
15,"Indo-Pacific swamp crab_105","global_avg"
25,"Indo-Pacific swamp crab_261","global_avg"
247,"Indo-Pacific swamp crab_1480","global_avg"
24,"Indo-Pacific swamp crab_239","global_avg"
17,"Indo-Pacific swamp crab_160","global_avg"
207,"Indo-Pacific swamp crab_1162","global_avg"
18,"Indo-Pacific swamp crab_170","global_avg"
208,"Indo-Pacific swamp crab_1197","global_avg"
208,"John's snapper_1200","taxon_group_avg"
216,"Longspine grouper_1364","taxon_group_avg"
208,"Malabar grouper_1203","taxon_group_avg"
208,"Mangrove red snapper_1205","taxon_group_avg"
216,"Mangrove red snapper_1367","taxon_group_avg"
25,"Marine fishes nei_262","taxon_group_avg"
15,"Marine fishes nei_109","taxon_group_avg"
207,"Marine fishes nei_1164","taxon_group_avg"
24,"Marine molluscs nei_241","taxon_group_avg"
216,"Masked grouper_1370","taxon_group_avg"
216,"Metapenaeus shrimps nei_1371","region_family_avg"
15,"Metapenaeus shrimps nei_110","region_family_avg"
25,"Metapenaeus shrimps nei_263","region_family_avg"
207,"Metapenaeus shrimps nei_1166","region_family_avg"
15,"Milkfish_111","taxon_group_avg"
216,"Milkfish_1372","taxon_group_avg"
9,"Milkfish_23","taxon_group_avg"
212,"Milkfish_1312","taxon_group_avg"
10,"Milkfish_24","taxon_group_avg"
13,"Milkfish_27","taxon_group_avg"
8,"Milkfish_16","taxon_group_avg"
17,"Milkfish_162","taxon_group_avg"
206,"Milkfish_1144","taxon_group_avg"
8,"Mottled spinefoot_17","taxon_group_avg"
208,"Mud spiny lobster_1209","global_avg"
216,"Mullets nei_1374","taxon_group_avg"
13,"Mullets nei_28","taxon_group_avg"
216,"Northern velvet shrimp_1375","region_family_avg"
216,"Orange mud crab_1376","global_avg"
208,"Orange-spotted grouper_1211","taxon_group_avg"
17,"Oysters_161","global_species"
25,"Penaeus shrimps nei_264","region_family_avg"
24,"Penaeus shrimps nei_243","georegion_family_avg"
15,"Penaeus shrimps nei_113","region_family_avg"
16,"Penaeus shrimps nei_151","region_family_avg"
208,"Penaeus shrimps nei_1215","region_family_avg"
8,"Penaeus shrimps nei_18","family_avg"
216,"Portunus swimcrabs nei_1379","global_avg"
15,"Scats_114","taxon_group_avg"
216,"Seaweed_1349","global_species"
208,"Snappers nei_1218","taxon_group_avg"
216,"Snappers nei_1383","taxon_group_avg"
208,"Snubnose pompano_1220","global_species"
18,"Spinefeet(=Rabbitfishes) nei_172","taxon_group_avg"
15,"Spinefeet(=Rabbitfishes) nei_118","taxon_group_avg"
8,"Spinefeet(=Rabbitfishes) nei_20","taxon_group_avg"
208,"Spotted coralgrouper_1224","taxon_group_avg"
25,"Squaretail mullet_265","taxon_group_avg"
206,"Tropical spiny lobsters nei_1153","global_avg"
25,"Whiteleg shrimp_266","none"
207,"Whiteleg shrimp_1168","none"
13,"Whiteleg shrimp_29","global_species"
216,"Whiteleg shrimp_1391","none"
208,"Whiteleg shrimp_1227","global_species"
15,"Whiteleg shrimp_122","global_species"
6,"Whiteleg shrimp_7","global_species"
247,"Whiteleg shrimp_1487","global_species"
208,"Banana prawn_1170","region_family_avg"
15,"Banana prawn_94","region_family_avg"
216,"Banded grouper_1324","taxon_group_avg"
208,"Barramundi(=Giant seaperch)_1171","global_species"
206,"Barramundi(=Giant seaperch)_1108","global_species"
247,"Barramundi(=Giant seaperch)_1476","global_species"
216,"Barramundi(=Giant seaperch)_1326","global_species"
24,"Barramundi(=Giant seaperch)_235","global_species"
216,"Barred-chest grouper_1328","taxon_group_avg"
208,"Bigeye trevally_1173","region_family_avg"
216,"Bigeye trevally_1329","region_family_avg"
208,"Black grouper_1174","taxon_group_avg"
216,"Black jack_1330","region_family_avg"
216,"Blackbanded trevally_1331","region_family_avg"
216,"Blacksaddled coralgrouper_1332","taxon_group_avg"
216,"Blacktail snapper_1334","taxon_group_avg"
25,"Blood cockle_249","family_avg"
24,"Blood cockle_236","family_avg"
216,"Blood cockle_1335","family_avg"
216,"Bludger_1336","region_family_avg"
208,"Blue swimming crab_1175","global_avg"
216,"Bluefin trevally_1338","region_family_avg"
216,"Brassy trevally_1339","region_family_avg"
206,"Broad geloina_1113","family_avg"
208,"Brown-marbled grouper_1177","taxon_group_avg"
206,"Brown-marbled grouper_1114","taxon_group_avg"
216,"Brown-marbled grouper_1341","taxon_group_avg"
9,"Clams_21","global_species"
18,"Clams_164","global_species"
8,"Clams_11","global_species"
207,"Cobia_1157","global_species"
208,"Cobia_1179","global_species"
8,"Cockles_14","global_species"
8,"Cockles_19","global_species"
17,"Cockles_158","global_species"
208,"Crimson snapper_1180","taxon_group_avg"
216,"Duskytail grouper_1344","taxon_group_avg"
5,"Emperor red snapper_2","taxon_group_avg"
208,"Flathead grey mullet_1182","taxon_group_avg"
15,"Flathead lobster_98","global_avg"
208,"Fourfinger threadfin_1183","taxon_group_avg"
206,"Fourfinger threadfin_1119","taxon_group_avg"
216,"Foursaddle grouper_1347","taxon_group_avg"
208,"Giant grouper_1184","taxon_group_avg"
15,"Giant tiger prawn_100","global_species"
208,"Giant tiger prawn_1187","global_species"
208,"Giant trevally_1188","region_family_avg"
208,"Golden trevally_1189","region_family_avg"
206,"Golden trevally_1125","region_family_avg"
5,"Golden-lined spinefoot_3","taxon_group_avg"
208,"Green humphead parrotfish_1190","taxon_group_avg"
208,"Groupers nei_1192","taxon_group_avg"
216,"Groupers nei_1352","taxon_group_avg"
247,"Groupers nei_1479","taxon_group_avg"
15,"Groupers, seabasses nei_104","taxon_group_avg"
216,"Highfin coralgrouper_1354","taxon_group_avg"
216,"Highfin grouper_1355","taxon_group_avg"
208,"Humpback grouper_1194","taxon_group_avg"
216,"Humpback grouper_1356","taxon_group_avg"
216,"Humphead snapper_1357","taxon_group_avg"
208,"Indo-Pacific swamp crab_1196","global_avg"
15,"Indo-Pacific swamp crab_106","global_avg"
247,"Jacks, crevalles nei_1481","region_family_avg"
15,"Jacks, crevalles nei_107","region_family_avg"
208,"Japanese seabass_1198","taxon_group_avg"
208,"John's snapper_1199","taxon_group_avg"
208,"Kuruma prawn_1201","region_family_avg"
206,"Leopard coralgrouper_1139","taxon_group_avg"
216,"Leopard coralgrouper_1360","taxon_group_avg"
216,"Longfin trevally_1361","region_family_avg"
216,"Longlegged spiny lobster_1362","global_avg"
216,"Longnose trevally_1363","region_family_avg"
216,"Longspine grouper_1365","taxon_group_avg"
208,"Malabar grouper_1202","taxon_group_avg"
216,"Malabar trevally_1366","region_family_avg"
208,"Mangrove red snapper_1204","taxon_group_avg"
216,"Mangrove red snapper_1368","taxon_group_avg"
208,"Marine fishes nei_1206","taxon_group_avg"
15,"Marine fishes nei_108","taxon_group_avg"
247,"Marine fishes nei_1482","taxon_group_avg"
216,"Marine fishes nei_1369","taxon_group_avg"
24,"Marine fishes nei_240","taxon_group_avg"
207,"Marine fishes nei_1163","taxon_group_avg"
207,"Marine molluscs nei_1165","taxon_group_avg"
15,"Milkfish_112","taxon_group_avg"
208,"Milkfish_1207","taxon_group_avg"
19,"Milkfish_173","taxon_group_avg"
216,"Milkfish_1373","taxon_group_avg"
247,"Milkfish_1483","taxon_group_avg"
208,"Mud spiny lobster_1208","global_avg"
25,"Mussels_256","global_species"
25,"Mussels_260","global_species"
15,"Mussels_102","global_species"
208,"Mussels_1191","global_species"
18,"Mussels_169","global_species"
24,"Mussels_238","global_species"
216,"Mussels_1351","global_species"
208,"Orange-spotted grouper_1210","taxon_group_avg"
247,"Orange-spotted grouper_1484","taxon_group_avg"
24,"Orange-spotted grouper_242","taxon_group_avg"
25,"Oysters_251","global_species"
15,"Oysters_115","global_species"
18,"Oysters_171","global_species"
5,"Oysters_4","global_species"
17,"Oysters_163","global_species"
216,"Oysters_1378","global_species"
208,"Oysters_1212","global_species"
208,"Papuan black snapper_1213","taxon_group_avg"
208,"Penaeus shrimps nei_1214","region_family_avg"
208,"Potato grouper_1216","taxon_group_avg"
216,"Scalloped spiny lobster_1381","global_avg"
216,"Sea cucumbers nei_1382","global_avg"
15,"Seaweed_96","global_species"
207,"Seaweed_1160","global_species"
216,"Seaweed_1380","global_species"
15,"Seaweed_97","global_species"
15,"Seaweed_120","global_species"
9,"Seaweed_22","global_species"
18,"Seaweed_166","global_species"
212,"Seaweed_1311","global_species"
206,"Seaweed_1145","global_species"
24,"Seaweed_237","global_species"
206,"Seaweed_1150","global_species"
7,"Seaweed_8","global_species"
17,"Seaweed_157","global_species"
216,"Seaweed_1393","global_species"
11,"Sixfinger threadfin_25","taxon_group_avg"
208,"Snappers nei_1217","taxon_group_avg"
247,"Snappers nei_1485","taxon_group_avg"
15,"Snappers nei_116","taxon_group_avg"
24,"Snappers nei_244","taxon_group_avg"
216,"Snappers nei_1384","taxon_group_avg"
208,"Snubnose pompano_1219","global_species"
15,"Snubnose pompano_117","global_species"
206,"Snubnose pompano_1148","global_species"
247,"Snubnose pompano_1486","global_species"
216,"Snubnose pompano_1385","global_species"
208,"Southern red snapper_1221","taxon_group_avg"
216,"Speckled blue grouper_1386","taxon_group_avg"
208,"Spinefeet(=Rabbitfishes) nei_1222","taxon_group_avg"
15,"Spinefeet(=Rabbitfishes) nei_119","taxon_group_avg"
208,"Spotted coralgrouper_1223","taxon_group_avg"
216,"Squaretail coralgrouper_1387","taxon_group_avg"
208,"Streaked spinefoot_1225","taxon_group_avg"
15,"Tropical spiny lobsters nei_121","global_avg"
207,"Tropical spiny lobsters nei_1167","global_avg"
216,"Tropical spiny lobsters nei_1388","global_avg"
216,"White-edged lyretail_1390","taxon_group_avg"
208,"White-spotted spinefoot_1226","taxon_group_avg"
5,"White-spotted spinefoot_5","taxon_group_avg"
208,"Whiteleg shrimp_1228","global_species"
216,"Yellowspotted trevally_1392","region_family_avg"
