country,year,value,unit,component,sector,data_source
Australia,2001,0,USD (1000000),ocean and offshore energy,Ocean Energy,oecd sustainable ocean economy
Australia,2003,0,USD (1000000),ocean and offshore energy,Ocean Energy,oecd sustainable ocean economy
Australia,2004,0.9,USD (1000000),ocean and offshore energy,Ocean Energy,oecd sustainable ocean economy
Australia,2005,0.49,USD (1000000),ocean and offshore energy,Ocean Energy,oecd sustainable ocean economy
Australia,2006,0.29,USD (1000000),ocean and offshore energy,Ocean Energy,oecd sustainable ocean economy
Australia,2007,0.15,USD (1000000),ocean and offshore energy,Ocean Energy,oecd sustainable ocean economy
Australia,2008,0.48,USD (1000000),ocean and offshore energy,Ocean Energy,oecd sustainable ocean economy
Australia,2009,1.17,USD (1000000),ocean and offshore energy,Ocean Energy,oecd sustainable ocean economy
Australia,2010,2.96,USD (1000000),ocean and offshore energy,Ocean Energy,oecd sustainable ocean economy
Australia,2011,1.2,USD (1000000),ocean and offshore energy,Ocean Energy,oecd sustainable ocean economy
Australia,2012,10.03,USD (1000000),ocean and offshore energy,Ocean Energy,oecd sustainable ocean economy
Australia,2013,22.56,USD (1000000),ocean and offshore energy,Ocean Energy,oecd sustainable ocean economy
Australia,2014,5.55,USD (1000000),ocean and offshore energy,Ocean Energy,oecd sustainable ocean economy
Australia,2015,5.71,USD (1000000),ocean and offshore energy,Ocean Energy,oecd sustainable ocean economy
Australia,2016,1.14,USD (1000000),ocean and offshore energy,Ocean Energy,oecd sustainable ocean economy
Australia,2017,1.14,USD (1000000),ocean and offshore energy,Ocean Energy,oecd sustainable ocean economy
Australia,2018,3.13,USD (1000000),ocean and offshore energy,Ocean Energy,oecd sustainable ocean economy
Australia,2019,0.16,USD (1000000),ocean and offshore energy,Ocean Energy,oecd sustainable ocean economy
Australia,2020,0.16,USD (1000000),ocean and offshore energy,Ocean Energy,oecd sustainable ocean economy
Australia,2021,0.26,USD (1000000),ocean and offshore energy,Ocean Energy,oecd sustainable ocean economy
Austria,2000,0,USD (1000000),ocean and offshore energy,Ocean Energy,oecd sustainable ocean economy
Austria,2001,0,USD (1000000),ocean and offshore energy,Ocean Energy,oecd sustainable ocean economy
Austria,2002,0,USD (1000000),ocean and offshore energy,Ocean Energy,oecd sustainable ocean economy
Austria,2003,0,USD (1000000),ocean and offshore energy,Ocean Energy,oecd sustainable ocean economy
Austria,2004,0,USD (1000000),ocean and offshore energy,Ocean Energy,oecd sustainable ocean economy
Austria,2005,0,USD (1000000),ocean and offshore energy,Ocean Energy,oecd sustainable ocean economy
Austria,2006,0,USD (1000000),ocean and offshore energy,Ocean Energy,oecd sustainable ocean economy
Austria,2007,0.1,USD (1000000),ocean and offshore energy,Ocean Energy,oecd sustainable ocean economy
Austria,2008,0.03,USD (1000000),ocean and offshore energy,Ocean Energy,oecd sustainable ocean economy
Austria,2009,0.39,USD (1000000),ocean and offshore energy,Ocean Energy,oecd sustainable ocean economy
Austria,2010,0,USD (1000000),ocean and offshore energy,Ocean Energy,oecd sustainable ocean economy
Austria,2011,0.02,USD (1000000),ocean and offshore energy,Ocean Energy,oecd sustainable ocean economy
Austria,2012,0.01,USD (1000000),ocean and offshore energy,Ocean Energy,oecd sustainable ocean economy
Austria,2013,0.01,USD (1000000),ocean and offshore energy,Ocean Energy,oecd sustainable ocean economy
Austria,2014,0,USD (1000000),ocean and offshore energy,Ocean Energy,oecd sustainable ocean economy
Austria,2015,0,USD (1000000),ocean and offshore energy,Ocean Energy,oecd sustainable ocean economy
Austria,2016,0.03,USD (1000000),ocean and offshore energy,Ocean Energy,oecd sustainable ocean economy
Austria,2017,0.02,USD (1000000),ocean and offshore energy,Ocean Energy,oecd sustainable ocean economy
Austria,2018,0,USD (1000000),ocean and offshore energy,Ocean Energy,oecd sustainable ocean economy
Austria,2019,0,USD (1000000),ocean and offshore energy,Ocean Energy,oecd sustainable ocean economy
Austria,2020,0,USD (1000000),ocean and offshore energy,Ocean Energy,oecd sustainable ocean economy
Austria,2021,0,USD (1000000),ocean and offshore energy,Ocean Energy,oecd sustainable ocean economy
Belgium,2007,0,USD (1000000),ocean and offshore energy,Ocean Energy,oecd sustainable ocean economy
Belgium,2010,0,USD (1000000),ocean and offshore energy,Ocean Energy,oecd sustainable ocean economy
Belgium,2011,3.61,USD (1000000),ocean and offshore energy,Ocean Energy,oecd sustainable ocean economy
Belgium,2012,0.84,USD (1000000),ocean and offshore energy,Ocean Energy,oecd sustainable ocean economy
Belgium,2013,0.83,USD (1000000),ocean and offshore energy,Ocean Energy,oecd sustainable ocean economy
Belgium,2014,5.2,USD (1000000),ocean and offshore energy,Ocean Energy,oecd sustainable ocean economy
Belgium,2015,0.86,USD (1000000),ocean and offshore energy,Ocean Energy,oecd sustainable ocean economy
Belgium,2016,0.58,USD (1000000),ocean and offshore energy,Ocean Energy,oecd sustainable ocean economy
Belgium,2017,2.1,USD (1000000),ocean and offshore energy,Ocean Energy,oecd sustainable ocean economy
Belgium,2018,0,USD (1000000),ocean and offshore energy,Ocean Energy,oecd sustainable ocean economy
Belgium,2019,4.94,USD (1000000),ocean and offshore energy,Ocean Energy,oecd sustainable ocean economy
Belgium,2020,4.55,USD (1000000),ocean and offshore energy,Ocean Energy,oecd sustainable ocean economy
Belgium,2021,2.4,USD (1000000),ocean and offshore energy,Ocean Energy,oecd sustainable ocean economy
Canada,2000,0,USD (1000000),ocean and offshore energy,Ocean Energy,oecd sustainable ocean economy
Canada,2001,0,USD (1000000),ocean and offshore energy,Ocean Energy,oecd sustainable ocean economy
Canada,2002,0,USD (1000000),ocean and offshore energy,Ocean Energy,oecd sustainable ocean economy
Canada,2003,0.12,USD (1000000),ocean and offshore energy,Ocean Energy,oecd sustainable ocean economy
Canada,2004,0,USD (1000000),ocean and offshore energy,Ocean Energy,oecd sustainable ocean economy
Canada,2005,0.48,USD (1000000),ocean and offshore energy,Ocean Energy,oecd sustainable ocean economy
Canada,2006,1.08,USD (1000000),ocean and offshore energy,Ocean Energy,oecd sustainable ocean economy
Canada,2007,0.69,USD (1000000),ocean and offshore energy,Ocean Energy,oecd sustainable ocean economy
Canada,2008,6.79,USD (1000000),ocean and offshore energy,Ocean Energy,oecd sustainable ocean economy
Canada,2009,9.47,USD (1000000),ocean and offshore energy,Ocean Energy,oecd sustainable ocean economy
Canada,2010,14.57,USD (1000000),ocean and offshore energy,Ocean Energy,oecd sustainable ocean economy
Canada,2011,10.5,USD (1000000),ocean and offshore energy,Ocean Energy,oecd sustainable ocean economy
Canada,2012,6.32,USD (1000000),ocean and offshore energy,Ocean Energy,oecd sustainable ocean economy
Canada,2013,11.45,USD (1000000),ocean and offshore energy,Ocean Energy,oecd sustainable ocean economy
Canada,2014,17.36,USD (1000000),ocean and offshore energy,Ocean Energy,oecd sustainable ocean economy
Canada,2015,9.51,USD (1000000),ocean and offshore energy,Ocean Energy,oecd sustainable ocean economy
Canada,2016,2.17,USD (1000000),ocean and offshore energy,Ocean Energy,oecd sustainable ocean economy
Canada,2017,3.13,USD (1000000),ocean and offshore energy,Ocean Energy,oecd sustainable ocean economy
Canada,2018,4.56,USD (1000000),ocean and offshore energy,Ocean Energy,oecd sustainable ocean economy
Canada,2019,1.87,USD (1000000),ocean and offshore energy,Ocean Energy,oecd sustainable ocean economy
Canada,2020,4.11,USD (1000000),ocean and offshore energy,Ocean Energy,oecd sustainable ocean economy
Canada,2021,3.7,USD (1000000),ocean and offshore energy,Ocean Energy,oecd sustainable ocean economy
Czech Republic,2003,0,USD (1000000),ocean and offshore energy,Ocean Energy,oecd sustainable ocean economy
Czech Republic,2004,0,USD (1000000),ocean and offshore energy,Ocean Energy,oecd sustainable ocean economy
Czech Republic,2005,0,USD (1000000),ocean and offshore energy,Ocean Energy,oecd sustainable ocean economy
Czech Republic,2006,0,USD (1000000),ocean and offshore energy,Ocean Energy,oecd sustainable ocean economy
Czech Republic,2007,0,USD (1000000),ocean and offshore energy,Ocean Energy,oecd sustainable ocean economy
Czech Republic,2008,0,USD (1000000),ocean and offshore energy,Ocean Energy,oecd sustainable ocean economy
Czech Republic,2009,0,USD (1000000),ocean and offshore energy,Ocean Energy,oecd sustainable ocean economy
Czech Republic,2010,0,USD (1000000),ocean and offshore energy,Ocean Energy,oecd sustainable ocean economy
Czech Republic,2011,0,USD (1000000),ocean and offshore energy,Ocean Energy,oecd sustainable ocean economy
Czech Republic,2012,0,USD (1000000),ocean and offshore energy,Ocean Energy,oecd sustainable ocean economy
Czech Republic,2013,0,USD (1000000),ocean and offshore energy,Ocean Energy,oecd sustainable ocean economy
Czech Republic,2014,0,USD (1000000),ocean and offshore energy,Ocean Energy,oecd sustainable ocean economy
Czech Republic,2015,0,USD (1000000),ocean and offshore energy,Ocean Energy,oecd sustainable ocean economy
Czech Republic,2016,0,USD (1000000),ocean and offshore energy,Ocean Energy,oecd sustainable ocean economy
Czech Republic,2017,0.11,USD (1000000),ocean and offshore energy,Ocean Energy,oecd sustainable ocean economy
Czech Republic,2018,0.15,USD (1000000),ocean and offshore energy,Ocean Energy,oecd sustainable ocean economy
Czech Republic,2019,0.12,USD (1000000),ocean and offshore energy,Ocean Energy,oecd sustainable ocean economy
Czech Republic,2020,0,USD (1000000),ocean and offshore energy,Ocean Energy,oecd sustainable ocean economy
Czech Republic,2021,0,USD (1000000),ocean and offshore energy,Ocean Energy,oecd sustainable ocean economy
Denmark,2000,3.35,USD (1000000),ocean and offshore energy,Ocean Energy,oecd sustainable ocean economy
Denmark,2001,3.05,USD (1000000),ocean and offshore energy,Ocean Energy,oecd sustainable ocean economy
Denmark,2002,0,USD (1000000),ocean and offshore energy,Ocean Energy,oecd sustainable ocean economy
Denmark,2003,0.13,USD (1000000),ocean and offshore energy,Ocean Energy,oecd sustainable ocean economy
Denmark,2004,0.21,USD (1000000),ocean and offshore energy,Ocean Energy,oecd sustainable ocean economy
Denmark,2005,2.19,USD (1000000),ocean and offshore energy,Ocean Energy,oecd sustainable ocean economy
Denmark,2006,0.67,USD (1000000),ocean and offshore energy,Ocean Energy,oecd sustainable ocean economy
Denmark,2007,1.41,USD (1000000),ocean and offshore energy,Ocean Energy,oecd sustainable ocean economy
Denmark,2008,6.3,USD (1000000),ocean and offshore energy,Ocean Energy,oecd sustainable ocean economy
Denmark,2009,8.33,USD (1000000),ocean and offshore energy,Ocean Energy,oecd sustainable ocean economy
Denmark,2010,9.56,USD (1000000),ocean and offshore energy,Ocean Energy,oecd sustainable ocean economy
Denmark,2011,1.73,USD (1000000),ocean and offshore energy,Ocean Energy,oecd sustainable ocean economy
Denmark,2012,2.1,USD (1000000),ocean and offshore energy,Ocean Energy,oecd sustainable ocean economy
Denmark,2013,9.48,USD (1000000),ocean and offshore energy,Ocean Energy,oecd sustainable ocean economy
Denmark,2014,9.76,USD (1000000),ocean and offshore energy,Ocean Energy,oecd sustainable ocean economy
Denmark,2015,16.45,USD (1000000),ocean and offshore energy,Ocean Energy,oecd sustainable ocean economy
Denmark,2016,7.83,USD (1000000),ocean and offshore energy,Ocean Energy,oecd sustainable ocean economy
Denmark,2017,9.9,USD (1000000),ocean and offshore energy,Ocean Energy,oecd sustainable ocean economy
Denmark,2018,31.36,USD (1000000),ocean and offshore energy,Ocean Energy,oecd sustainable ocean economy
Denmark,2019,7.3,USD (1000000),ocean and offshore energy,Ocean Energy,oecd sustainable ocean economy
Denmark,2020,10.6,USD (1000000),ocean and offshore energy,Ocean Energy,oecd sustainable ocean economy
Denmark,2021,2.35,USD (1000000),ocean and offshore energy,Ocean Energy,oecd sustainable ocean economy
Finland,2000,0,USD (1000000),ocean and offshore energy,Ocean Energy,oecd sustainable ocean economy
Finland,2001,0,USD (1000000),ocean and offshore energy,Ocean Energy,oecd sustainable ocean economy
Finland,2002,0,USD (1000000),ocean and offshore energy,Ocean Energy,oecd sustainable ocean economy
Finland,2003,0,USD (1000000),ocean and offshore energy,Ocean Energy,oecd sustainable ocean economy
Finland,2004,0,USD (1000000),ocean and offshore energy,Ocean Energy,oecd sustainable ocean economy
Finland,2005,0,USD (1000000),ocean and offshore energy,Ocean Energy,oecd sustainable ocean economy
Finland,2006,0,USD (1000000),ocean and offshore energy,Ocean Energy,oecd sustainable ocean economy
Finland,2007,0,USD (1000000),ocean and offshore energy,Ocean Energy,oecd sustainable ocean economy
Finland,2008,0,USD (1000000),ocean and offshore energy,Ocean Energy,oecd sustainable ocean economy
Finland,2009,0,USD (1000000),ocean and offshore energy,Ocean Energy,oecd sustainable ocean economy
Finland,2010,0,USD (1000000),ocean and offshore energy,Ocean Energy,oecd sustainable ocean economy
Finland,2011,0,USD (1000000),ocean and offshore energy,Ocean Energy,oecd sustainable ocean economy
Finland,2012,0,USD (1000000),ocean and offshore energy,Ocean Energy,oecd sustainable ocean economy
Finland,2013,0,USD (1000000),ocean and offshore energy,Ocean Energy,oecd sustainable ocean economy
Finland,2014,0,USD (1000000),ocean and offshore energy,Ocean Energy,oecd sustainable ocean economy
Finland,2015,0,USD (1000000),ocean and offshore energy,Ocean Energy,oecd sustainable ocean economy
Finland,2016,0,USD (1000000),ocean and offshore energy,Ocean Energy,oecd sustainable ocean economy
Finland,2017,0,USD (1000000),ocean and offshore energy,Ocean Energy,oecd sustainable ocean economy
Finland,2018,0,USD (1000000),ocean and offshore energy,Ocean Energy,oecd sustainable ocean economy
Finland,2019,0,USD (1000000),ocean and offshore energy,Ocean Energy,oecd sustainable ocean economy
Finland,2020,0,USD (1000000),ocean and offshore energy,Ocean Energy,oecd sustainable ocean economy
France,2000,0,USD (1000000),ocean and offshore energy,Ocean Energy,oecd sustainable ocean economy
France,2001,0,USD (1000000),ocean and offshore energy,Ocean Energy,oecd sustainable ocean economy
France,2002,0.34,USD (1000000),ocean and offshore energy,Ocean Energy,oecd sustainable ocean economy
France,2003,2.1,USD (1000000),ocean and offshore energy,Ocean Energy,oecd sustainable ocean economy
France,2004,2.15,USD (1000000),ocean and offshore energy,Ocean Energy,oecd sustainable ocean economy
France,2005,2.42,USD (1000000),ocean and offshore energy,Ocean Energy,oecd sustainable ocean economy
France,2006,0.44,USD (1000000),ocean and offshore energy,Ocean Energy,oecd sustainable ocean economy
France,2007,0.79,USD (1000000),ocean and offshore energy,Ocean Energy,oecd sustainable ocean economy
France,2008,0.06,USD (1000000),ocean and offshore energy,Ocean Energy,oecd sustainable ocean economy
France,2009,5.78,USD (1000000),ocean and offshore energy,Ocean Energy,oecd sustainable ocean economy
France,2010,4.15,USD (1000000),ocean and offshore energy,Ocean Energy,oecd sustainable ocean economy
France,2011,16.59,USD (1000000),ocean and offshore energy,Ocean Energy,oecd sustainable ocean economy
France,2012,21.91,USD (1000000),ocean and offshore energy,Ocean Energy,oecd sustainable ocean economy
France,2013,26.11,USD (1000000),ocean and offshore energy,Ocean Energy,oecd sustainable ocean economy
France,2014,19.1,USD (1000000),ocean and offshore energy,Ocean Energy,oecd sustainable ocean economy
France,2015,30.37,USD (1000000),ocean and offshore energy,Ocean Energy,oecd sustainable ocean economy
France,2016,25.17,USD (1000000),ocean and offshore energy,Ocean Energy,oecd sustainable ocean economy
France,2017,25.5,USD (1000000),ocean and offshore energy,Ocean Energy,oecd sustainable ocean economy
France,2018,29.24,USD (1000000),ocean and offshore energy,Ocean Energy,oecd sustainable ocean economy
France,2019,39.55,USD (1000000),ocean and offshore energy,Ocean Energy,oecd sustainable ocean economy
France,2020,27.53,USD (1000000),ocean and offshore energy,Ocean Energy,oecd sustainable ocean economy
France,2021,51.66,USD (1000000),ocean and offshore energy,Ocean Energy,oecd sustainable ocean economy
Germany,2000,0,USD (1000000),ocean and offshore energy,Ocean Energy,oecd sustainable ocean economy
Germany,2001,0,USD (1000000),ocean and offshore energy,Ocean Energy,oecd sustainable ocean economy
Germany,2002,0,USD (1000000),ocean and offshore energy,Ocean Energy,oecd sustainable ocean economy
Germany,2003,0,USD (1000000),ocean and offshore energy,Ocean Energy,oecd sustainable ocean economy
Germany,2004,0,USD (1000000),ocean and offshore energy,Ocean Energy,oecd sustainable ocean economy
Germany,2005,0,USD (1000000),ocean and offshore energy,Ocean Energy,oecd sustainable ocean economy
Germany,2006,0,USD (1000000),ocean and offshore energy,Ocean Energy,oecd sustainable ocean economy
Germany,2007,0,USD (1000000),ocean and offshore energy,Ocean Energy,oecd sustainable ocean economy
Germany,2008,0,USD (1000000),ocean and offshore energy,Ocean Energy,oecd sustainable ocean economy
Germany,2009,4.58,USD (1000000),ocean and offshore energy,Ocean Energy,oecd sustainable ocean economy
Germany,2010,0,USD (1000000),ocean and offshore energy,Ocean Energy,oecd sustainable ocean economy
Germany,2011,0,USD (1000000),ocean and offshore energy,Ocean Energy,oecd sustainable ocean economy
Germany,2012,0,USD (1000000),ocean and offshore energy,Ocean Energy,oecd sustainable ocean economy
Germany,2013,0,USD (1000000),ocean and offshore energy,Ocean Energy,oecd sustainable ocean economy
Germany,2014,0,USD (1000000),ocean and offshore energy,Ocean Energy,oecd sustainable ocean economy
Germany,2015,0,USD (1000000),ocean and offshore energy,Ocean Energy,oecd sustainable ocean economy
Germany,2016,0,USD (1000000),ocean and offshore energy,Ocean Energy,oecd sustainable ocean economy
Germany,2017,0,USD (1000000),ocean and offshore energy,Ocean Energy,oecd sustainable ocean economy
Germany,2018,0,USD (1000000),ocean and offshore energy,Ocean Energy,oecd sustainable ocean economy
Germany,2019,22.73,USD (1000000),ocean and offshore energy,Ocean Energy,oecd sustainable ocean economy
Germany,2020,24.81,USD (1000000),ocean and offshore energy,Ocean Energy,oecd sustainable ocean economy
Germany,2021,25.51,USD (1000000),ocean and offshore energy,Ocean Energy,oecd sustainable ocean economy
Greece,2000,0,USD (1000000),ocean and offshore energy,Ocean Energy,oecd sustainable ocean economy
Greece,2001,0,USD (1000000),ocean and offshore energy,Ocean Energy,oecd sustainable ocean economy
Greece,2002,0,USD (1000000),ocean and offshore energy,Ocean Energy,oecd sustainable ocean economy
Greece,2005,0,USD (1000000),ocean and offshore energy,Ocean Energy,oecd sustainable ocean economy
Greece,2006,0,USD (1000000),ocean and offshore energy,Ocean Energy,oecd sustainable ocean economy
Greece,2007,0,USD (1000000),ocean and offshore energy,Ocean Energy,oecd sustainable ocean economy
Greece,2008,0,USD (1000000),ocean and offshore energy,Ocean Energy,oecd sustainable ocean economy
Greece,2009,0,USD (1000000),ocean and offshore energy,Ocean Energy,oecd sustainable ocean economy
Greece,2010,0,USD (1000000),ocean and offshore energy,Ocean Energy,oecd sustainable ocean economy
Greece,2011,0,USD (1000000),ocean and offshore energy,Ocean Energy,oecd sustainable ocean economy
Hungary,2000,0,USD (1000000),ocean and offshore energy,Ocean Energy,oecd sustainable ocean economy
Hungary,2001,0,USD (1000000),ocean and offshore energy,Ocean Energy,oecd sustainable ocean economy
Hungary,2002,0,USD (1000000),ocean and offshore energy,Ocean Energy,oecd sustainable ocean economy
Hungary,2003,0,USD (1000000),ocean and offshore energy,Ocean Energy,oecd sustainable ocean economy
Hungary,2004,0,USD (1000000),ocean and offshore energy,Ocean Energy,oecd sustainable ocean economy
Hungary,2005,0,USD (1000000),ocean and offshore energy,Ocean Energy,oecd sustainable ocean economy
Hungary,2006,0,USD (1000000),ocean and offshore energy,Ocean Energy,oecd sustainable ocean economy
Hungary,2007,0,USD (1000000),ocean and offshore energy,Ocean Energy,oecd sustainable ocean economy
Hungary,2008,0,USD (1000000),ocean and offshore energy,Ocean Energy,oecd sustainable ocean economy
Hungary,2009,0,USD (1000000),ocean and offshore energy,Ocean Energy,oecd sustainable ocean economy
Hungary,2010,0,USD (1000000),ocean and offshore energy,Ocean Energy,oecd sustainable ocean economy
Hungary,2011,0,USD (1000000),ocean and offshore energy,Ocean Energy,oecd sustainable ocean economy
Hungary,2012,0,USD (1000000),ocean and offshore energy,Ocean Energy,oecd sustainable ocean economy
Hungary,2013,0,USD (1000000),ocean and offshore energy,Ocean Energy,oecd sustainable ocean economy
Hungary,2014,0,USD (1000000),ocean and offshore energy,Ocean Energy,oecd sustainable ocean economy
Hungary,2015,0,USD (1000000),ocean and offshore energy,Ocean Energy,oecd sustainable ocean economy
Hungary,2016,0,USD (1000000),ocean and offshore energy,Ocean Energy,oecd sustainable ocean economy
Hungary,2017,0,USD (1000000),ocean and offshore energy,Ocean Energy,oecd sustainable ocean economy
Hungary,2018,0,USD (1000000),ocean and offshore energy,Ocean Energy,oecd sustainable ocean economy
Hungary,2019,0.02,USD (1000000),ocean and offshore energy,Ocean Energy,oecd sustainable ocean economy
Hungary,2020,0,USD (1000000),ocean and offshore energy,Ocean Energy,oecd sustainable ocean economy
Hungary,2021,0,USD (1000000),ocean and offshore energy,Ocean Energy,oecd sustainable ocean economy
Ireland,2002,0.39,USD (1000000),ocean and offshore energy,Ocean Energy,oecd sustainable ocean economy
Ireland,2003,0.14,USD (1000000),ocean and offshore energy,Ocean Energy,oecd sustainable ocean economy
Ireland,2004,0.32,USD (1000000),ocean and offshore energy,Ocean Energy,oecd sustainable ocean economy
Ireland,2005,0.9,USD (1000000),ocean and offshore energy,Ocean Energy,oecd sustainable ocean economy
Ireland,2006,3.88,USD (1000000),ocean and offshore energy,Ocean Energy,oecd sustainable ocean economy
Ireland,2007,0.89,USD (1000000),ocean and offshore energy,Ocean Energy,oecd sustainable ocean economy
Ireland,2008,2.01,USD (1000000),ocean and offshore energy,Ocean Energy,oecd sustainable ocean economy
Ireland,2009,5.92,USD (1000000),ocean and offshore energy,Ocean Energy,oecd sustainable ocean economy
Ireland,2010,1.89,USD (1000000),ocean and offshore energy,Ocean Energy,oecd sustainable ocean economy
Ireland,2011,8.14,USD (1000000),ocean and offshore energy,Ocean Energy,oecd sustainable ocean economy
Ireland,2012,7.87,USD (1000000),ocean and offshore energy,Ocean Energy,oecd sustainable ocean economy
Ireland,2013,13.69,USD (1000000),ocean and offshore energy,Ocean Energy,oecd sustainable ocean economy
Ireland,2014,19.21,USD (1000000),ocean and offshore energy,Ocean Energy,oecd sustainable ocean economy
Ireland,2015,20.53,USD (1000000),ocean and offshore energy,Ocean Energy,oecd sustainable ocean economy
Ireland,2016,9.72,USD (1000000),ocean and offshore energy,Ocean Energy,oecd sustainable ocean economy
Ireland,2017,9.03,USD (1000000),ocean and offshore energy,Ocean Energy,oecd sustainable ocean economy
Ireland,2018,7.11,USD (1000000),ocean and offshore energy,Ocean Energy,oecd sustainable ocean economy
Ireland,2019,6.8,USD (1000000),ocean and offshore energy,Ocean Energy,oecd sustainable ocean economy
Ireland,2020,4.38,USD (1000000),ocean and offshore energy,Ocean Energy,oecd sustainable ocean economy
Ireland,2021,4.14,USD (1000000),ocean and offshore energy,Ocean Energy,oecd sustainable ocean economy
Italy,2000,0,USD (1000000),ocean and offshore energy,Ocean Energy,oecd sustainable ocean economy
Italy,2001,0,USD (1000000),ocean and offshore energy,Ocean Energy,oecd sustainable ocean economy
Italy,2002,0,USD (1000000),ocean and offshore energy,Ocean Energy,oecd sustainable ocean economy
Italy,2003,0,USD (1000000),ocean and offshore energy,Ocean Energy,oecd sustainable ocean economy
Italy,2004,0,USD (1000000),ocean and offshore energy,Ocean Energy,oecd sustainable ocean economy
Italy,2005,0,USD (1000000),ocean and offshore energy,Ocean Energy,oecd sustainable ocean economy
Italy,2006,0,USD (1000000),ocean and offshore energy,Ocean Energy,oecd sustainable ocean economy
Italy,2007,0,USD (1000000),ocean and offshore energy,Ocean Energy,oecd sustainable ocean economy
Italy,2008,0,USD (1000000),ocean and offshore energy,Ocean Energy,oecd sustainable ocean economy
Italy,2009,0,USD (1000000),ocean and offshore energy,Ocean Energy,oecd sustainable ocean economy
Italy,2010,0,USD (1000000),ocean and offshore energy,Ocean Energy,oecd sustainable ocean economy
Italy,2011,8.08,USD (1000000),ocean and offshore energy,Ocean Energy,oecd sustainable ocean economy
Italy,2012,11.17,USD (1000000),ocean and offshore energy,Ocean Energy,oecd sustainable ocean economy
Italy,2013,0,USD (1000000),ocean and offshore energy,Ocean Energy,oecd sustainable ocean economy
Italy,2014,0,USD (1000000),ocean and offshore energy,Ocean Energy,oecd sustainable ocean economy
Italy,2015,0,USD (1000000),ocean and offshore energy,Ocean Energy,oecd sustainable ocean economy
Italy,2016,0,USD (1000000),ocean and offshore energy,Ocean Energy,oecd sustainable ocean economy
Italy,2017,0,USD (1000000),ocean and offshore energy,Ocean Energy,oecd sustainable ocean economy
Italy,2018,0,USD (1000000),ocean and offshore energy,Ocean Energy,oecd sustainable ocean economy
Italy,2019,0,USD (1000000),ocean and offshore energy,Ocean Energy,oecd sustainable ocean economy
Japan,2000,4.54,USD (1000000),ocean and offshore energy,Ocean Energy,oecd sustainable ocean economy
Japan,2001,7.23,USD (1000000),ocean and offshore energy,Ocean Energy,oecd sustainable ocean economy
Japan,2002,0,USD (1000000),ocean and offshore energy,Ocean Energy,oecd sustainable ocean economy
Japan,2003,0,USD (1000000),ocean and offshore energy,Ocean Energy,oecd sustainable ocean economy
Japan,2004,0,USD (1000000),ocean and offshore energy,Ocean Energy,oecd sustainable ocean economy
Japan,2005,0,USD (1000000),ocean and offshore energy,Ocean Energy,oecd sustainable ocean economy
Japan,2006,0,USD (1000000),ocean and offshore energy,Ocean Energy,oecd sustainable ocean economy
Japan,2007,0,USD (1000000),ocean and offshore energy,Ocean Energy,oecd sustainable ocean economy
Japan,2008,0,USD (1000000),ocean and offshore energy,Ocean Energy,oecd sustainable ocean economy
Japan,2009,0,USD (1000000),ocean and offshore energy,Ocean Energy,oecd sustainable ocean economy
Japan,2010,0,USD (1000000),ocean and offshore energy,Ocean Energy,oecd sustainable ocean economy
Japan,2011,0,USD (1000000),ocean and offshore energy,Ocean Energy,oecd sustainable ocean economy
Japan,2012,0,USD (1000000),ocean and offshore energy,Ocean Energy,oecd sustainable ocean economy
Japan,2013,0,USD (1000000),ocean and offshore energy,Ocean Energy,oecd sustainable ocean economy
Japan,2014,0,USD (1000000),ocean and offshore energy,Ocean Energy,oecd sustainable ocean economy
Japan,2015,25.67,USD (1000000),ocean and offshore energy,Ocean Energy,oecd sustainable ocean economy
Japan,2016,62.86,USD (1000000),ocean and offshore energy,Ocean Energy,oecd sustainable ocean economy
Japan,2017,36.34,USD (1000000),ocean and offshore energy,Ocean Energy,oecd sustainable ocean economy
Japan,2018,82.45,USD (1000000),ocean and offshore energy,Ocean Energy,oecd sustainable ocean economy
Japan,2019,23.47,USD (1000000),ocean and offshore energy,Ocean Energy,oecd sustainable ocean economy
Japan,2020,35.39,USD (1000000),ocean and offshore energy,Ocean Energy,oecd sustainable ocean economy
Japan,2021,53.87,USD (1000000),ocean and offshore energy,Ocean Energy,oecd sustainable ocean economy
Korea,2002,0,USD (1000000),ocean and offshore energy,Ocean Energy,oecd sustainable ocean economy
Korea,2004,0.33,USD (1000000),ocean and offshore energy,Ocean Energy,oecd sustainable ocean economy
Korea,2005,0.9,USD (1000000),ocean and offshore energy,Ocean Energy,oecd sustainable ocean economy
Korea,2006,1.62,USD (1000000),ocean and offshore energy,Ocean Energy,oecd sustainable ocean economy
Korea,2007,5.07,USD (1000000),ocean and offshore energy,Ocean Energy,oecd sustainable ocean economy
Korea,2008,2.6,USD (1000000),ocean and offshore energy,Ocean Energy,oecd sustainable ocean economy
Korea,2009,5.17,USD (1000000),ocean and offshore energy,Ocean Energy,oecd sustainable ocean economy
Korea,2010,11.19,USD (1000000),ocean and offshore energy,Ocean Energy,oecd sustainable ocean economy
Korea,2011,10.31,USD (1000000),ocean and offshore energy,Ocean Energy,oecd sustainable ocean economy
Korea,2012,13.27,USD (1000000),ocean and offshore energy,Ocean Energy,oecd sustainable ocean economy
Korea,2013,14.94,USD (1000000),ocean and offshore energy,Ocean Energy,oecd sustainable ocean economy
Korea,2014,11.1,USD (1000000),ocean and offshore energy,Ocean Energy,oecd sustainable ocean economy
Korea,2015,7.5,USD (1000000),ocean and offshore energy,Ocean Energy,oecd sustainable ocean economy
Korea,2016,9.39,USD (1000000),ocean and offshore energy,Ocean Energy,oecd sustainable ocean economy
Korea,2017,5.19,USD (1000000),ocean and offshore energy,Ocean Energy,oecd sustainable ocean economy
Korea,2018,3.92,USD (1000000),ocean and offshore energy,Ocean Energy,oecd sustainable ocean economy
Korea,2019,3.15,USD (1000000),ocean and offshore energy,Ocean Energy,oecd sustainable ocean economy
Korea,2020,2.08,USD (1000000),ocean and offshore energy,Ocean Energy,oecd sustainable ocean economy
Korea,2021,0,USD (1000000),ocean and offshore energy,Ocean Energy,oecd sustainable ocean economy
Luxembourg,2011,0,USD (1000000),ocean and offshore energy,Ocean Energy,oecd sustainable ocean economy
Luxembourg,2012,0,USD (1000000),ocean and offshore energy,Ocean Energy,oecd sustainable ocean economy
Mexico,2011,0,USD (1000000),ocean and offshore energy,Ocean Energy,oecd sustainable ocean economy
Mexico,2012,0,USD (1000000),ocean and offshore energy,Ocean Energy,oecd sustainable ocean economy
Mexico,2013,0,USD (1000000),ocean and offshore energy,Ocean Energy,oecd sustainable ocean economy
Mexico,2014,0.1,USD (1000000),ocean and offshore energy,Ocean Energy,oecd sustainable ocean economy
Mexico,2015,0.08,USD (1000000),ocean and offshore energy,Ocean Energy,oecd sustainable ocean economy
Mexico,2016,0.1,USD (1000000),ocean and offshore energy,Ocean Energy,oecd sustainable ocean economy
Mexico,2017,16.32,USD (1000000),ocean and offshore energy,Ocean Energy,oecd sustainable ocean economy
Mexico,2018,12.95,USD (1000000),ocean and offshore energy,Ocean Energy,oecd sustainable ocean economy
Mexico,2019,5.9,USD (1000000),ocean and offshore energy,Ocean Energy,oecd sustainable ocean economy
Mexico,2020,3.89,USD (1000000),ocean and offshore energy,Ocean Energy,oecd sustainable ocean economy
Mexico,2021,1.91,USD (1000000),ocean and offshore energy,Ocean Energy,oecd sustainable ocean economy
Netherlands,2000,0.31,USD (1000000),ocean and offshore energy,Ocean Energy,oecd sustainable ocean economy
Netherlands,2001,0.42,USD (1000000),ocean and offshore energy,Ocean Energy,oecd sustainable ocean economy
Netherlands,2002,0,USD (1000000),ocean and offshore energy,Ocean Energy,oecd sustainable ocean economy
Netherlands,2003,0.01,USD (1000000),ocean and offshore energy,Ocean Energy,oecd sustainable ocean economy
Netherlands,2005,0,USD (1000000),ocean and offshore energy,Ocean Energy,oecd sustainable ocean economy
Netherlands,2006,0,USD (1000000),ocean and offshore energy,Ocean Energy,oecd sustainable ocean economy
Netherlands,2007,0,USD (1000000),ocean and offshore energy,Ocean Energy,oecd sustainable ocean economy
Netherlands,2008,0,USD (1000000),ocean and offshore energy,Ocean Energy,oecd sustainable ocean economy
Netherlands,2009,0.47,USD (1000000),ocean and offshore energy,Ocean Energy,oecd sustainable ocean economy
Netherlands,2010,1.38,USD (1000000),ocean and offshore energy,Ocean Energy,oecd sustainable ocean economy
Netherlands,2011,0,USD (1000000),ocean and offshore energy,Ocean Energy,oecd sustainable ocean economy
Netherlands,2012,0,USD (1000000),ocean and offshore energy,Ocean Energy,oecd sustainable ocean economy
Netherlands,2013,0,USD (1000000),ocean and offshore energy,Ocean Energy,oecd sustainable ocean economy
Netherlands,2014,3.83,USD (1000000),ocean and offshore energy,Ocean Energy,oecd sustainable ocean economy
Netherlands,2015,0.06,USD (1000000),ocean and offshore energy,Ocean Energy,oecd sustainable ocean economy
Netherlands,2016,0.07,USD (1000000),ocean and offshore energy,Ocean Energy,oecd sustainable ocean economy
Netherlands,2017,1.05,USD (1000000),ocean and offshore energy,Ocean Energy,oecd sustainable ocean economy
Netherlands,2018,0.07,USD (1000000),ocean and offshore energy,Ocean Energy,oecd sustainable ocean economy
Netherlands,2019,0.03,USD (1000000),ocean and offshore energy,Ocean Energy,oecd sustainable ocean economy
Netherlands,2020,20.49,USD (1000000),ocean and offshore energy,Ocean Energy,oecd sustainable ocean economy
Netherlands,2021,13.18,USD (1000000),ocean and offshore energy,Ocean Energy,oecd sustainable ocean economy
New Zealand,2000,0,USD (1000000),ocean and offshore energy,Ocean Energy,oecd sustainable ocean economy
New Zealand,2001,0,USD (1000000),ocean and offshore energy,Ocean Energy,oecd sustainable ocean economy
New Zealand,2002,0,USD (1000000),ocean and offshore energy,Ocean Energy,oecd sustainable ocean economy
New Zealand,2003,0,USD (1000000),ocean and offshore energy,Ocean Energy,oecd sustainable ocean economy
New Zealand,2004,0,USD (1000000),ocean and offshore energy,Ocean Energy,oecd sustainable ocean economy
New Zealand,2005,0,USD (1000000),ocean and offshore energy,Ocean Energy,oecd sustainable ocean economy
New Zealand,2006,0.67,USD (1000000),ocean and offshore energy,Ocean Energy,oecd sustainable ocean economy
New Zealand,2007,0.64,USD (1000000),ocean and offshore energy,Ocean Energy,oecd sustainable ocean economy
New Zealand,2008,1.09,USD (1000000),ocean and offshore energy,Ocean Energy,oecd sustainable ocean economy
New Zealand,2009,1.06,USD (1000000),ocean and offshore energy,Ocean Energy,oecd sustainable ocean economy
New Zealand,2010,1.03,USD (1000000),ocean and offshore energy,Ocean Energy,oecd sustainable ocean economy
New Zealand,2011,1,USD (1000000),ocean and offshore energy,Ocean Energy,oecd sustainable ocean economy
New Zealand,2012,1,USD (1000000),ocean and offshore energy,Ocean Energy,oecd sustainable ocean economy
New Zealand,2013,0.67,USD (1000000),ocean and offshore energy,Ocean Energy,oecd sustainable ocean economy
New Zealand,2014,0.66,USD (1000000),ocean and offshore energy,Ocean Energy,oecd sustainable ocean economy
New Zealand,2015,0.33,USD (1000000),ocean and offshore energy,Ocean Energy,oecd sustainable ocean economy
New Zealand,2016,0.32,USD (1000000),ocean and offshore energy,Ocean Energy,oecd sustainable ocean economy
New Zealand,2017,0,USD (1000000),ocean and offshore energy,Ocean Energy,oecd sustainable ocean economy
New Zealand,2018,0,USD (1000000),ocean and offshore energy,Ocean Energy,oecd sustainable ocean economy
New Zealand,2019,0,USD (1000000),ocean and offshore energy,Ocean Energy,oecd sustainable ocean economy
New Zealand,2020,0,USD (1000000),ocean and offshore energy,Ocean Energy,oecd sustainable ocean economy
Norway,2000,0.53,USD (1000000),ocean and offshore energy,Ocean Energy,oecd sustainable ocean economy
Norway,2001,0.35,USD (1000000),ocean and offshore energy,Ocean Energy,oecd sustainable ocean economy
Norway,2002,0.23,USD (1000000),ocean and offshore energy,Ocean Energy,oecd sustainable ocean economy
Norway,2003,0.1,USD (1000000),ocean and offshore energy,Ocean Energy,oecd sustainable ocean economy
Norway,2004,0.11,USD (1000000),ocean and offshore energy,Ocean Energy,oecd sustainable ocean economy
Norway,2005,0.28,USD (1000000),ocean and offshore energy,Ocean Energy,oecd sustainable ocean economy
Norway,2006,0.34,USD (1000000),ocean and offshore energy,Ocean Energy,oecd sustainable ocean economy
Norway,2007,0.53,USD (1000000),ocean and offshore energy,Ocean Energy,oecd sustainable ocean economy
Norway,2008,0.01,USD (1000000),ocean and offshore energy,Ocean Energy,oecd sustainable ocean economy
Norway,2009,15.8,USD (1000000),ocean and offshore energy,Ocean Energy,oecd sustainable ocean economy
Norway,2010,26.43,USD (1000000),ocean and offshore energy,Ocean Energy,oecd sustainable ocean economy
Norway,2011,6.49,USD (1000000),ocean and offshore energy,Ocean Energy,oecd sustainable ocean economy
Norway,2012,12.44,USD (1000000),ocean and offshore energy,Ocean Energy,oecd sustainable ocean economy
Norway,2013,3.84,USD (1000000),ocean and offshore energy,Ocean Energy,oecd sustainable ocean economy
Norway,2014,12.65,USD (1000000),ocean and offshore energy,Ocean Energy,oecd sustainable ocean economy
Norway,2015,6.24,USD (1000000),ocean and offshore energy,Ocean Energy,oecd sustainable ocean economy
Norway,2016,4.11,USD (1000000),ocean and offshore energy,Ocean Energy,oecd sustainable ocean economy
Norway,2017,3.66,USD (1000000),ocean and offshore energy,Ocean Energy,oecd sustainable ocean economy
Norway,2018,0.41,USD (1000000),ocean and offshore energy,Ocean Energy,oecd sustainable ocean economy
Norway,2019,234.59,USD (1000000),ocean and offshore energy,Ocean Energy,oecd sustainable ocean economy
Norway,2020,0.1,USD (1000000),ocean and offshore energy,Ocean Energy,oecd sustainable ocean economy
Norway,2021,12.97,USD (1000000),ocean and offshore energy,Ocean Energy,oecd sustainable ocean economy
Poland,2008,0,USD (1000000),ocean and offshore energy,Ocean Energy,oecd sustainable ocean economy
Poland,2009,0,USD (1000000),ocean and offshore energy,Ocean Energy,oecd sustainable ocean economy
Poland,2010,0,USD (1000000),ocean and offshore energy,Ocean Energy,oecd sustainable ocean economy
Poland,2011,0,USD (1000000),ocean and offshore energy,Ocean Energy,oecd sustainable ocean economy
Poland,2012,0,USD (1000000),ocean and offshore energy,Ocean Energy,oecd sustainable ocean economy
Poland,2013,0,USD (1000000),ocean and offshore energy,Ocean Energy,oecd sustainable ocean economy
Poland,2014,0,USD (1000000),ocean and offshore energy,Ocean Energy,oecd sustainable ocean economy
Poland,2015,0,USD (1000000),ocean and offshore energy,Ocean Energy,oecd sustainable ocean economy
Poland,2016,0,USD (1000000),ocean and offshore energy,Ocean Energy,oecd sustainable ocean economy
Poland,2017,0.04,USD (1000000),ocean and offshore energy,Ocean Energy,oecd sustainable ocean economy
Poland,2018,0.03,USD (1000000),ocean and offshore energy,Ocean Energy,oecd sustainable ocean economy
Poland,2019,0.1,USD (1000000),ocean and offshore energy,Ocean Energy,oecd sustainable ocean economy
Poland,2020,0.17,USD (1000000),ocean and offshore energy,Ocean Energy,oecd sustainable ocean economy
Poland,2021,0.05,USD (1000000),ocean and offshore energy,Ocean Energy,oecd sustainable ocean economy
Portugal,2000,0.43,USD (1000000),ocean and offshore energy,Ocean Energy,oecd sustainable ocean economy
Portugal,2001,0.48,USD (1000000),ocean and offshore energy,Ocean Energy,oecd sustainable ocean economy
Portugal,2002,0.3,USD (1000000),ocean and offshore energy,Ocean Energy,oecd sustainable ocean economy
Portugal,2003,0.09,USD (1000000),ocean and offshore energy,Ocean Energy,oecd sustainable ocean economy
Portugal,2004,0.09,USD (1000000),ocean and offshore energy,Ocean Energy,oecd sustainable ocean economy
Portugal,2005,0.08,USD (1000000),ocean and offshore energy,Ocean Energy,oecd sustainable ocean economy
Portugal,2006,0.1,USD (1000000),ocean and offshore energy,Ocean Energy,oecd sustainable ocean economy
Portugal,2007,0.19,USD (1000000),ocean and offshore energy,Ocean Energy,oecd sustainable ocean economy
Portugal,2008,0.05,USD (1000000),ocean and offshore energy,Ocean Energy,oecd sustainable ocean economy
Portugal,2009,0.08,USD (1000000),ocean and offshore energy,Ocean Energy,oecd sustainable ocean economy
Portugal,2010,0.04,USD (1000000),ocean and offshore energy,Ocean Energy,oecd sustainable ocean economy
Portugal,2011,0.17,USD (1000000),ocean and offshore energy,Ocean Energy,oecd sustainable ocean economy
Portugal,2012,0.09,USD (1000000),ocean and offshore energy,Ocean Energy,oecd sustainable ocean economy
Portugal,2013,0.28,USD (1000000),ocean and offshore energy,Ocean Energy,oecd sustainable ocean economy
Portugal,2014,0.27,USD (1000000),ocean and offshore energy,Ocean Energy,oecd sustainable ocean economy
Portugal,2015,0.22,USD (1000000),ocean and offshore energy,Ocean Energy,oecd sustainable ocean economy
Portugal,2016,0,USD (1000000),ocean and offshore energy,Ocean Energy,oecd sustainable ocean economy
Portugal,2017,0,USD (1000000),ocean and offshore energy,Ocean Energy,oecd sustainable ocean economy
Portugal,2018,0,USD (1000000),ocean and offshore energy,Ocean Energy,oecd sustainable ocean economy
Portugal,2019,0,USD (1000000),ocean and offshore energy,Ocean Energy,oecd sustainable ocean economy
Portugal,2020,0,USD (1000000),ocean and offshore energy,Ocean Energy,oecd sustainable ocean economy
Portugal,2021,0,USD (1000000),ocean and offshore energy,Ocean Energy,oecd sustainable ocean economy
Slovak Republic,2008,0,USD (1000000),ocean and offshore energy,Ocean Energy,oecd sustainable ocean economy
Slovak Republic,2009,0,USD (1000000),ocean and offshore energy,Ocean Energy,oecd sustainable ocean economy
Slovak Republic,2010,0,USD (1000000),ocean and offshore energy,Ocean Energy,oecd sustainable ocean economy
Slovak Republic,2011,0,USD (1000000),ocean and offshore energy,Ocean Energy,oecd sustainable ocean economy
Slovak Republic,2012,0,USD (1000000),ocean and offshore energy,Ocean Energy,oecd sustainable ocean economy
Slovak Republic,2013,0,USD (1000000),ocean and offshore energy,Ocean Energy,oecd sustainable ocean economy
Slovak Republic,2014,0,USD (1000000),ocean and offshore energy,Ocean Energy,oecd sustainable ocean economy
Slovak Republic,2015,0.03,USD (1000000),ocean and offshore energy,Ocean Energy,oecd sustainable ocean economy
Slovak Republic,2016,0,USD (1000000),ocean and offshore energy,Ocean Energy,oecd sustainable ocean economy
Slovak Republic,2017,0,USD (1000000),ocean and offshore energy,Ocean Energy,oecd sustainable ocean economy
Slovak Republic,2018,0,USD (1000000),ocean and offshore energy,Ocean Energy,oecd sustainable ocean economy
Slovak Republic,2019,0,USD (1000000),ocean and offshore energy,Ocean Energy,oecd sustainable ocean economy
Slovak Republic,2020,0,USD (1000000),ocean and offshore energy,Ocean Energy,oecd sustainable ocean economy
Slovak Republic,2021,0,USD (1000000),ocean and offshore energy,Ocean Energy,oecd sustainable ocean economy
Spain,2000,0,USD (1000000),ocean and offshore energy,Ocean Energy,oecd sustainable ocean economy
Spain,2001,0,USD (1000000),ocean and offshore energy,Ocean Energy,oecd sustainable ocean economy
Spain,2002,0,USD (1000000),ocean and offshore energy,Ocean Energy,oecd sustainable ocean economy
Spain,2003,0,USD (1000000),ocean and offshore energy,Ocean Energy,oecd sustainable ocean economy
Spain,2004,0,USD (1000000),ocean and offshore energy,Ocean Energy,oecd sustainable ocean economy
Spain,2005,0,USD (1000000),ocean and offshore energy,Ocean Energy,oecd sustainable ocean economy
Spain,2006,2.25,USD (1000000),ocean and offshore energy,Ocean Energy,oecd sustainable ocean economy
Spain,2007,3.26,USD (1000000),ocean and offshore energy,Ocean Energy,oecd sustainable ocean economy
Spain,2008,5.18,USD (1000000),ocean and offshore energy,Ocean Energy,oecd sustainable ocean economy
Spain,2009,0.37,USD (1000000),ocean and offshore energy,Ocean Energy,oecd sustainable ocean economy
Spain,2010,10.03,USD (1000000),ocean and offshore energy,Ocean Energy,oecd sustainable ocean economy
Spain,2011,0.55,USD (1000000),ocean and offshore energy,Ocean Energy,oecd sustainable ocean economy
Spain,2012,5.48,USD (1000000),ocean and offshore energy,Ocean Energy,oecd sustainable ocean economy
Spain,2013,3.04,USD (1000000),ocean and offshore energy,Ocean Energy,oecd sustainable ocean economy
Spain,2014,3.31,USD (1000000),ocean and offshore energy,Ocean Energy,oecd sustainable ocean economy
Spain,2015,5.15,USD (1000000),ocean and offshore energy,Ocean Energy,oecd sustainable ocean economy
Spain,2016,1.16,USD (1000000),ocean and offshore energy,Ocean Energy,oecd sustainable ocean economy
Spain,2017,0.63,USD (1000000),ocean and offshore energy,Ocean Energy,oecd sustainable ocean economy
Spain,2018,8.2,USD (1000000),ocean and offshore energy,Ocean Energy,oecd sustainable ocean economy
Spain,2019,1.73,USD (1000000),ocean and offshore energy,Ocean Energy,oecd sustainable ocean economy
Spain,2020,1.49,USD (1000000),ocean and offshore energy,Ocean Energy,oecd sustainable ocean economy
Sweden,2000,0,USD (1000000),ocean and offshore energy,Ocean Energy,oecd sustainable ocean economy
Sweden,2001,0,USD (1000000),ocean and offshore energy,Ocean Energy,oecd sustainable ocean economy
Sweden,2002,0,USD (1000000),ocean and offshore energy,Ocean Energy,oecd sustainable ocean economy
Sweden,2003,0,USD (1000000),ocean and offshore energy,Ocean Energy,oecd sustainable ocean economy
Sweden,2004,0,USD (1000000),ocean and offshore energy,Ocean Energy,oecd sustainable ocean economy
Sweden,2005,0.75,USD (1000000),ocean and offshore energy,Ocean Energy,oecd sustainable ocean economy
Sweden,2006,1.13,USD (1000000),ocean and offshore energy,Ocean Energy,oecd sustainable ocean economy
Sweden,2007,0.84,USD (1000000),ocean and offshore energy,Ocean Energy,oecd sustainable ocean economy
Sweden,2008,1.79,USD (1000000),ocean and offshore energy,Ocean Energy,oecd sustainable ocean economy
Sweden,2009,1.51,USD (1000000),ocean and offshore energy,Ocean Energy,oecd sustainable ocean economy
Sweden,2010,11.62,USD (1000000),ocean and offshore energy,Ocean Energy,oecd sustainable ocean economy
Sweden,2011,9.15,USD (1000000),ocean and offshore energy,Ocean Energy,oecd sustainable ocean economy
Sweden,2012,1.31,USD (1000000),ocean and offshore energy,Ocean Energy,oecd sustainable ocean economy
Sweden,2013,2.31,USD (1000000),ocean and offshore energy,Ocean Energy,oecd sustainable ocean economy
Sweden,2014,6.3,USD (1000000),ocean and offshore energy,Ocean Energy,oecd sustainable ocean economy
Sweden,2015,4.64,USD (1000000),ocean and offshore energy,Ocean Energy,oecd sustainable ocean economy
Sweden,2016,5.48,USD (1000000),ocean and offshore energy,Ocean Energy,oecd sustainable ocean economy
Sweden,2017,2.92,USD (1000000),ocean and offshore energy,Ocean Energy,oecd sustainable ocean economy
Sweden,2018,4.45,USD (1000000),ocean and offshore energy,Ocean Energy,oecd sustainable ocean economy
Sweden,2019,5.39,USD (1000000),ocean and offshore energy,Ocean Energy,oecd sustainable ocean economy
Sweden,2020,6.77,USD (1000000),ocean and offshore energy,Ocean Energy,oecd sustainable ocean economy
Sweden,2021,5.29,USD (1000000),ocean and offshore energy,Ocean Energy,oecd sustainable ocean economy
Switzerland,2000,0,USD (1000000),ocean and offshore energy,Ocean Energy,oecd sustainable ocean economy
Switzerland,2001,0,USD (1000000),ocean and offshore energy,Ocean Energy,oecd sustainable ocean economy
Switzerland,2002,0,USD (1000000),ocean and offshore energy,Ocean Energy,oecd sustainable ocean economy
Switzerland,2003,0,USD (1000000),ocean and offshore energy,Ocean Energy,oecd sustainable ocean economy
Switzerland,2004,0,USD (1000000),ocean and offshore energy,Ocean Energy,oecd sustainable ocean economy
Switzerland,2005,0,USD (1000000),ocean and offshore energy,Ocean Energy,oecd sustainable ocean economy
Switzerland,2006,0,USD (1000000),ocean and offshore energy,Ocean Energy,oecd sustainable ocean economy
Switzerland,2007,0,USD (1000000),ocean and offshore energy,Ocean Energy,oecd sustainable ocean economy
Switzerland,2008,0,USD (1000000),ocean and offshore energy,Ocean Energy,oecd sustainable ocean economy
Switzerland,2009,0,USD (1000000),ocean and offshore energy,Ocean Energy,oecd sustainable ocean economy
Switzerland,2010,0.03,USD (1000000),ocean and offshore energy,Ocean Energy,oecd sustainable ocean economy
Switzerland,2011,0.15,USD (1000000),ocean and offshore energy,Ocean Energy,oecd sustainable ocean economy
Switzerland,2012,0.15,USD (1000000),ocean and offshore energy,Ocean Energy,oecd sustainable ocean economy
Switzerland,2013,0.01,USD (1000000),ocean and offshore energy,Ocean Energy,oecd sustainable ocean economy
Switzerland,2014,0.01,USD (1000000),ocean and offshore energy,Ocean Energy,oecd sustainable ocean economy
Switzerland,2015,0,USD (1000000),ocean and offshore energy,Ocean Energy,oecd sustainable ocean economy
Switzerland,2016,0,USD (1000000),ocean and offshore energy,Ocean Energy,oecd sustainable ocean economy
Switzerland,2017,0.12,USD (1000000),ocean and offshore energy,Ocean Energy,oecd sustainable ocean economy
Switzerland,2018,0,USD (1000000),ocean and offshore energy,Ocean Energy,oecd sustainable ocean economy
Switzerland,2019,0.49,USD (1000000),ocean and offshore energy,Ocean Energy,oecd sustainable ocean economy
Switzerland,2020,0.22,USD (1000000),ocean and offshore energy,Ocean Energy,oecd sustainable ocean economy
Switzerland,2021,0.21,USD (1000000),ocean and offshore energy,Ocean Energy,oecd sustainable ocean economy
Türkiye,2000,0,USD (1000000),ocean and offshore energy,Ocean Energy,oecd sustainable ocean economy
Türkiye,2001,0,USD (1000000),ocean and offshore energy,Ocean Energy,oecd sustainable ocean economy
Türkiye,2002,0,USD (1000000),ocean and offshore energy,Ocean Energy,oecd sustainable ocean economy
Türkiye,2003,0,USD (1000000),ocean and offshore energy,Ocean Energy,oecd sustainable ocean economy
Türkiye,2004,0,USD (1000000),ocean and offshore energy,Ocean Energy,oecd sustainable ocean economy
Türkiye,2005,0,USD (1000000),ocean and offshore energy,Ocean Energy,oecd sustainable ocean economy
Türkiye,2006,0.09,USD (1000000),ocean and offshore energy,Ocean Energy,oecd sustainable ocean economy
Türkiye,2007,0,USD (1000000),ocean and offshore energy,Ocean Energy,oecd sustainable ocean economy
Türkiye,2008,0,USD (1000000),ocean and offshore energy,Ocean Energy,oecd sustainable ocean economy
Türkiye,2009,0,USD (1000000),ocean and offshore energy,Ocean Energy,oecd sustainable ocean economy
Türkiye,2014,0,USD (1000000),ocean and offshore energy,Ocean Energy,oecd sustainable ocean economy
Türkiye,2015,0,USD (1000000),ocean and offshore energy,Ocean Energy,oecd sustainable ocean economy
Türkiye,2016,0.11,USD (1000000),ocean and offshore energy,Ocean Energy,oecd sustainable ocean economy
Türkiye,2017,0.06,USD (1000000),ocean and offshore energy,Ocean Energy,oecd sustainable ocean economy
Türkiye,2018,0.06,USD (1000000),ocean and offshore energy,Ocean Energy,oecd sustainable ocean economy
Türkiye,2019,0.05,USD (1000000),ocean and offshore energy,Ocean Energy,oecd sustainable ocean economy
Türkiye,2020,0.3,USD (1000000),ocean and offshore energy,Ocean Energy,oecd sustainable ocean economy
Türkiye,2021,0.96,USD (1000000),ocean and offshore energy,Ocean Energy,oecd sustainable ocean economy
United Kingdom,2000,0.94,USD (1000000),ocean and offshore energy,Ocean Energy,oecd sustainable ocean economy
United Kingdom,2001,2.3,USD (1000000),ocean and offshore energy,Ocean Energy,oecd sustainable ocean economy
United Kingdom,2002,5.64,USD (1000000),ocean and offshore energy,Ocean Energy,oecd sustainable ocean economy
United Kingdom,2003,4.39,USD (1000000),ocean and offshore energy,Ocean Energy,oecd sustainable ocean economy
United Kingdom,2004,10.8,USD (1000000),ocean and offshore energy,Ocean Energy,oecd sustainable ocean economy
United Kingdom,2005,2.63,USD (1000000),ocean and offshore energy,Ocean Energy,oecd sustainable ocean economy
United Kingdom,2006,8.21,USD (1000000),ocean and offshore energy,Ocean Energy,oecd sustainable ocean economy
United Kingdom,2007,8.37,USD (1000000),ocean and offshore energy,Ocean Energy,oecd sustainable ocean economy
United Kingdom,2008,0,USD (1000000),ocean and offshore energy,Ocean Energy,oecd sustainable ocean economy
United Kingdom,2009,14,USD (1000000),ocean and offshore energy,Ocean Energy,oecd sustainable ocean economy
United Kingdom,2010,41.56,USD (1000000),ocean and offshore energy,Ocean Energy,oecd sustainable ocean economy
United Kingdom,2011,17.89,USD (1000000),ocean and offshore energy,Ocean Energy,oecd sustainable ocean economy
United Kingdom,2012,21.16,USD (1000000),ocean and offshore energy,Ocean Energy,oecd sustainable ocean economy
United Kingdom,2013,61.74,USD (1000000),ocean and offshore energy,Ocean Energy,oecd sustainable ocean economy
United Kingdom,2014,55.5,USD (1000000),ocean and offshore energy,Ocean Energy,oecd sustainable ocean economy
United Kingdom,2015,29.61,USD (1000000),ocean and offshore energy,Ocean Energy,oecd sustainable ocean economy
United Kingdom,2016,36.46,USD (1000000),ocean and offshore energy,Ocean Energy,oecd sustainable ocean economy
United Kingdom,2017,15.15,USD (1000000),ocean and offshore energy,Ocean Energy,oecd sustainable ocean economy
United Kingdom,2018,26.15,USD (1000000),ocean and offshore energy,Ocean Energy,oecd sustainable ocean economy
United Kingdom,2019,40.03,USD (1000000),ocean and offshore energy,Ocean Energy,oecd sustainable ocean economy
United Kingdom,2020,33.17,USD (1000000),ocean and offshore energy,Ocean Energy,oecd sustainable ocean economy
United Kingdom,2021,30.09,USD (1000000),ocean and offshore energy,Ocean Energy,oecd sustainable ocean economy
United States,2000,0,USD (1000000),ocean and offshore energy,Ocean Energy,oecd sustainable ocean economy
United States,2001,0,USD (1000000),ocean and offshore energy,Ocean Energy,oecd sustainable ocean economy
United States,2002,0,USD (1000000),ocean and offshore energy,Ocean Energy,oecd sustainable ocean economy
United States,2003,0,USD (1000000),ocean and offshore energy,Ocean Energy,oecd sustainable ocean economy
United States,2004,0,USD (1000000),ocean and offshore energy,Ocean Energy,oecd sustainable ocean economy
United States,2005,0,USD (1000000),ocean and offshore energy,Ocean Energy,oecd sustainable ocean economy
United States,2006,0,USD (1000000),ocean and offshore energy,Ocean Energy,oecd sustainable ocean economy
United States,2007,1.65,USD (1000000),ocean and offshore energy,Ocean Energy,oecd sustainable ocean economy
United States,2008,13.51,USD (1000000),ocean and offshore energy,Ocean Energy,oecd sustainable ocean economy
United States,2009,31.14,USD (1000000),ocean and offshore energy,Ocean Energy,oecd sustainable ocean economy
United States,2010,41.85,USD (1000000),ocean and offshore energy,Ocean Energy,oecd sustainable ocean economy
United States,2011,30.35,USD (1000000),ocean and offshore energy,Ocean Energy,oecd sustainable ocean economy
United States,2012,40.71,USD (1000000),ocean and offshore energy,Ocean Energy,oecd sustainable ocean economy
United States,2013,51.6,USD (1000000),ocean and offshore energy,Ocean Energy,oecd sustainable ocean economy
United States,2014,47.5,USD (1000000),ocean and offshore energy,Ocean Energy,oecd sustainable ocean economy
United States,2015,99.92,USD (1000000),ocean and offshore energy,Ocean Energy,oecd sustainable ocean economy
United States,2016,0,USD (1000000),ocean and offshore energy,Ocean Energy,oecd sustainable ocean economy
United States,2017,0,USD (1000000),ocean and offshore energy,Ocean Energy,oecd sustainable ocean economy
United States,2018,0,USD (1000000),ocean and offshore energy,Ocean Energy,oecd sustainable ocean economy
United States,2019,0,USD (1000000),ocean and offshore energy,Ocean Energy,oecd sustainable ocean economy
United States,2020,0,USD (1000000),ocean and offshore energy,Ocean Energy,oecd sustainable ocean economy
United States,2021,0,USD (1000000),ocean and offshore energy,Ocean Energy,oecd sustainable ocean economy
Estonia,2011,6.66,USD (1000000),ocean and offshore energy,Ocean Energy,oecd sustainable ocean economy
Estonia,2012,0.39,USD (1000000),ocean and offshore energy,Ocean Energy,oecd sustainable ocean economy
Estonia,2013,0.39,USD (1000000),ocean and offshore energy,Ocean Energy,oecd sustainable ocean economy
Estonia,2014,0.23,USD (1000000),ocean and offshore energy,Ocean Energy,oecd sustainable ocean economy
Estonia,2015,0,USD (1000000),ocean and offshore energy,Ocean Energy,oecd sustainable ocean economy
Estonia,2016,0,USD (1000000),ocean and offshore energy,Ocean Energy,oecd sustainable ocean economy
Estonia,2017,0,USD (1000000),ocean and offshore energy,Ocean Energy,oecd sustainable ocean economy
Estonia,2018,0,USD (1000000),ocean and offshore energy,Ocean Energy,oecd sustainable ocean economy
Estonia,2019,0,USD (1000000),ocean and offshore energy,Ocean Energy,oecd sustainable ocean economy
Estonia,2020,0,USD (1000000),ocean and offshore energy,Ocean Energy,oecd sustainable ocean economy
Estonia,2021,0,USD (1000000),ocean and offshore energy,Ocean Energy,oecd sustainable ocean economy
Brazil,2013,0,USD (1000000),ocean and offshore energy,Ocean Energy,oecd sustainable ocean economy
Brazil,2014,0,USD (1000000),ocean and offshore energy,Ocean Energy,oecd sustainable ocean economy
Brazil,2015,0,USD (1000000),ocean and offshore energy,Ocean Energy,oecd sustainable ocean economy
Brazil,2016,0,USD (1000000),ocean and offshore energy,Ocean Energy,oecd sustainable ocean economy
Brazil,2017,0,USD (1000000),ocean and offshore energy,Ocean Energy,oecd sustainable ocean economy
Brazil,2018,0,USD (1000000),ocean and offshore energy,Ocean Energy,oecd sustainable ocean economy
Brazil,2019,0,USD (1000000),ocean and offshore energy,Ocean Energy,oecd sustainable ocean economy
Brazil,2020,0,USD (1000000),ocean and offshore energy,Ocean Energy,oecd sustainable ocean economy
Lithuania,2019,0,USD (1000000),ocean and offshore energy,Ocean Energy,oecd sustainable ocean economy
Lithuania,2020,0,USD (1000000),ocean and offshore energy,Ocean Energy,oecd sustainable ocean economy
Lithuania,2021,0,USD (1000000),ocean and offshore energy,Ocean Energy,oecd sustainable ocean economy
