rgn_id,year,gapfilled,method
5,1995,NA,UNWTO
5,1996,NA,UNWTO
5,1997,NA,UNWTO
5,1998,NA,UNWTO
5,1999,NA,UNWTO
5,2000,NA,UNWTO
5,2001,NA,UNWTO
5,2002,NA,UNWTO
5,2003,NA,UNWTO
5,2004,NA,UNWTO
5,2005,NA,UNWTO
5,2006,NA,UNWTO
5,2007,NA,UNWTO
5,2008,NA,UNWTO
5,2009,NA,UNWTO
5,2010,NA,UNWTO
5,2011,NA,UNWTO
5,2012,NA,UNWTO
5,2013,NA,UNWTO
5,2014,NA,UNWTO
5,2015,NA,UNWTO
5,2016,NA,UNWTO
5,2017,NA,UNWTO
5,2018,NA,UNWTO
5,2019,NA,UNWTO
5,2020,NA,UNWTO
5,2021,NA,UNWTO
6,1995,NA,UNWTO
6,1996,NA,UNWTO
6,1997,NA,UNWTO
6,1998,NA,UNWTO
6,1999,NA,UNWTO
6,2000,NA,UNWTO
6,2001,NA,UNWTO
6,2002,NA,UNWTO
6,2003,NA,UNWTO
6,2004,NA,UNWTO
6,2005,NA,UNWTO
6,2006,NA,UNWTO
6,2007,NA,UNWTO
6,2008,NA,UNWTO
6,2009,NA,UNWTO
6,2010,NA,UNWTO
6,2011,NA,UNWTO
6,2012,NA,UNWTO
6,2013,NA,UNWTO
6,2014,NA,UNWTO
6,2015,NA,UNWTO
6,2016,NA,UNWTO
6,2017,NA,UNWTO
6,2018,NA,UNWTO
6,2019,NA,UNWTO
6,2020,NA,UNWTO
6,2021,gapfilled,nearby year
7,1995,NA,UNWTO
7,1996,NA,UNWTO
7,1997,NA,UNWTO
7,1998,NA,UNWTO
7,1999,gapfilled,nearby year
7,2000,NA,UNWTO
7,2001,gapfilled,nearby year
7,2002,gapfilled,nearby year
7,2003,NA,UNWTO
7,2004,NA,UNWTO
7,2005,NA,UNWTO
7,2006,NA,UNWTO
7,2007,NA,UNWTO
7,2008,NA,UNWTO
7,2009,NA,UNWTO
7,2010,NA,UNWTO
7,2011,NA,UNWTO
7,2012,NA,UNWTO
7,2013,NA,UNWTO
7,2014,NA,UNWTO
7,2015,NA,UNWTO
7,2016,NA,UNWTO
7,2017,NA,UNWTO
7,2018,NA,UNWTO
7,2019,NA,UNWTO
7,2020,NA,UNWTO
7,2021,NA,UNWTO
8,1995,NA,UNWTO
8,1996,NA,UNWTO
8,1997,NA,UNWTO
8,1998,NA,UNWTO
8,1999,NA,UNWTO
8,2000,NA,UNWTO
8,2001,NA,UNWTO
8,2002,NA,UNWTO
8,2003,NA,UNWTO
8,2004,NA,UNWTO
8,2005,NA,UNWTO
8,2006,NA,UNWTO
8,2007,NA,UNWTO
8,2008,NA,UNWTO
8,2009,NA,UNWTO
8,2010,NA,UNWTO
8,2011,NA,UNWTO
8,2012,NA,UNWTO
8,2013,NA,UNWTO
8,2014,NA,UNWTO
8,2015,NA,UNWTO
8,2016,NA,UNWTO
8,2017,NA,UNWTO
8,2018,NA,UNWTO
8,2019,NA,UNWTO
8,2020,NA,UNWTO
8,2021,gapfilled,nearby year
9,1995,gapfilled,nearby year
9,1996,NA,UNWTO
9,1997,NA,UNWTO
9,1998,NA,UNWTO
9,1999,NA,UNWTO
9,2000,NA,UNWTO
9,2001,NA,UNWTO
9,2002,NA,UNWTO
9,2003,NA,UNWTO
9,2004,NA,UNWTO
9,2005,NA,UNWTO
9,2006,NA,UNWTO
9,2007,NA,UNWTO
9,2008,NA,UNWTO
9,2009,NA,UNWTO
9,2010,NA,UNWTO
9,2011,NA,UNWTO
9,2012,NA,UNWTO
9,2013,NA,UNWTO
9,2014,NA,UNWTO
9,2015,NA,UNWTO
9,2016,NA,UNWTO
9,2017,gapfilled,nearby year
9,2018,NA,UNWTO
9,2019,NA,UNWTO
9,2020,gapfilled,nearby year
9,2021,gapfilled,nearby year
10,1995,NA,NA
10,1996,NA,NA
10,1997,NA,NA
10,1998,NA,NA
10,1999,NA,NA
10,2000,NA,NA
10,2001,NA,NA
10,2002,NA,NA
10,2003,NA,NA
10,2004,NA,NA
10,2005,NA,NA
10,2006,NA,NA
10,2007,NA,NA
10,2008,NA,NA
10,2009,NA,NA
10,2010,NA,NA
10,2011,NA,NA
10,2012,NA,NA
10,2013,NA,NA
10,2014,NA,NA
10,2015,NA,NA
10,2016,NA,NA
10,2017,NA,NA
10,2018,NA,NA
10,2019,NA,NA
10,2020,NA,NA
10,2021,NA,NA
11,1995,NA,UNWTO
11,1996,NA,UNWTO
11,1997,NA,UNWTO
11,1998,NA,UNWTO
11,1999,NA,UNWTO
11,2000,NA,UNWTO
11,2001,NA,UNWTO
11,2002,NA,UNWTO
11,2003,NA,UNWTO
11,2004,NA,UNWTO
11,2005,NA,UNWTO
11,2006,NA,UNWTO
11,2007,NA,UNWTO
11,2008,NA,UNWTO
11,2009,NA,UNWTO
11,2010,NA,UNWTO
11,2011,NA,UNWTO
11,2012,NA,UNWTO
11,2013,gapfilled,nearby year
11,2014,NA,UNWTO
11,2015,NA,UNWTO
11,2016,NA,UNWTO
11,2017,NA,UNWTO
11,2018,NA,UNWTO
11,2019,NA,UNWTO
11,2020,NA,UNWTO
11,2021,gapfilled,nearby year
13,1995,NA,UNWTO
13,1996,NA,UNWTO
13,1997,NA,UNWTO
13,1998,NA,UNWTO
13,1999,NA,UNWTO
13,2000,NA,UNWTO
13,2001,NA,UNWTO
13,2002,NA,UNWTO
13,2003,NA,UNWTO
13,2004,NA,UNWTO
13,2005,NA,UNWTO
13,2006,NA,UNWTO
13,2007,NA,UNWTO
13,2008,NA,UNWTO
13,2009,NA,UNWTO
13,2010,NA,UNWTO
13,2011,NA,UNWTO
13,2012,NA,UNWTO
13,2013,NA,UNWTO
13,2014,NA,UNWTO
13,2015,NA,UNWTO
13,2016,NA,UNWTO
13,2017,NA,UNWTO
13,2018,NA,UNWTO
13,2019,NA,UNWTO
13,2020,NA,UNWTO
13,2021,NA,UNWTO
14,1995,NA,UNWTO
14,1996,NA,UNWTO
14,1997,NA,UNWTO
14,1998,NA,UNWTO
14,1999,NA,UNWTO
14,2000,NA,UNWTO
14,2001,NA,UNWTO
14,2002,NA,UNWTO
14,2003,NA,UNWTO
14,2004,NA,UNWTO
14,2005,NA,UNWTO
14,2006,NA,UNWTO
14,2007,NA,UNWTO
14,2008,NA,UNWTO
14,2009,NA,UNWTO
14,2010,NA,UNWTO
14,2011,NA,UNWTO
14,2012,NA,UNWTO
14,2013,NA,UNWTO
14,2014,NA,UNWTO
14,2015,NA,UNWTO
14,2016,NA,UNWTO
14,2017,NA,UNWTO
14,2018,NA,UNWTO
14,2019,NA,UNWTO
14,2020,NA,UNWTO
14,2021,NA,UNWTO
15,1995,NA,UNWTO
15,1996,NA,UNWTO
15,1997,NA,UNWTO
15,1998,NA,UNWTO
15,1999,NA,UNWTO
15,2000,NA,UNWTO
15,2001,NA,UNWTO
15,2002,NA,UNWTO
15,2003,NA,UNWTO
15,2004,NA,UNWTO
15,2005,NA,UNWTO
15,2006,NA,UNWTO
15,2007,NA,UNWTO
15,2008,NA,UNWTO
15,2009,NA,UNWTO
15,2010,NA,UNWTO
15,2011,NA,UNWTO
15,2012,NA,UNWTO
15,2013,NA,UNWTO
15,2014,NA,UNWTO
15,2015,NA,UNWTO
15,2016,NA,UNWTO
15,2017,NA,UNWTO
15,2018,NA,UNWTO
15,2019,NA,UNWTO
15,2020,NA,UNWTO
15,2021,NA,UNWTO
16,1995,NA,UNWTO
16,1996,NA,UNWTO
16,1997,NA,UNWTO
16,1998,NA,UNWTO
16,1999,NA,UNWTO
16,2000,NA,UNWTO
16,2001,NA,UNWTO
16,2002,NA,UNWTO
16,2003,NA,UNWTO
16,2004,NA,UNWTO
16,2005,NA,UNWTO
16,2006,NA,UNWTO
16,2007,NA,UNWTO
16,2008,NA,UNWTO
16,2009,NA,UNWTO
16,2010,NA,UNWTO
16,2011,NA,UNWTO
16,2012,NA,UNWTO
16,2013,NA,UNWTO
16,2014,NA,UNWTO
16,2015,NA,UNWTO
16,2016,NA,UNWTO
16,2017,NA,UNWTO
16,2018,NA,UNWTO
16,2019,NA,UNWTO
16,2020,NA,UNWTO
16,2021,NA,UNWTO
17,1995,NA,UNWTO
17,1996,NA,UNWTO
17,1997,NA,UNWTO
17,1998,NA,UNWTO
17,1999,NA,UNWTO
17,2000,NA,UNWTO
17,2001,NA,UNWTO
17,2002,NA,UNWTO
17,2003,NA,UNWTO
17,2004,NA,UNWTO
17,2005,NA,UNWTO
17,2006,NA,UNWTO
17,2007,NA,UNWTO
17,2008,NA,UNWTO
17,2009,NA,UNWTO
17,2010,NA,UNWTO
17,2011,NA,UNWTO
17,2012,NA,UNWTO
17,2013,NA,UNWTO
17,2014,NA,UNWTO
17,2015,NA,UNWTO
17,2016,NA,UNWTO
17,2017,NA,UNWTO
17,2018,NA,UNWTO
17,2019,NA,UNWTO
17,2020,NA,UNWTO
17,2021,gapfilled,nearby year
18,1995,NA,UNWTO
18,1996,NA,UNWTO
18,1997,NA,UNWTO
18,1998,NA,UNWTO
18,1999,NA,UNWTO
18,2000,NA,UNWTO
18,2001,NA,UNWTO
18,2002,NA,UNWTO
18,2003,NA,UNWTO
18,2004,NA,UNWTO
18,2005,NA,UNWTO
18,2006,NA,UNWTO
18,2007,NA,UNWTO
18,2008,NA,UNWTO
18,2009,NA,UNWTO
18,2010,NA,UNWTO
18,2011,NA,UNWTO
18,2012,NA,UNWTO
18,2013,NA,UNWTO
18,2014,NA,UNWTO
18,2015,NA,UNWTO
18,2016,NA,UNWTO
18,2017,NA,UNWTO
18,2018,NA,UNWTO
18,2019,NA,UNWTO
18,2020,NA,UNWTO
18,2021,NA,UNWTO
19,1995,NA,UNWTO
19,1996,NA,UNWTO
19,1997,NA,UNWTO
19,1998,NA,UNWTO
19,1999,NA,UNWTO
19,2000,NA,UNWTO
19,2001,NA,UNWTO
19,2002,NA,UNWTO
19,2003,NA,UNWTO
19,2004,NA,UNWTO
19,2005,NA,UNWTO
19,2006,NA,UNWTO
19,2007,NA,UNWTO
19,2008,NA,UNWTO
19,2009,NA,UNWTO
19,2010,NA,UNWTO
19,2011,NA,UNWTO
19,2012,NA,UNWTO
19,2013,NA,UNWTO
19,2014,NA,UNWTO
19,2015,NA,UNWTO
19,2016,NA,UNWTO
19,2017,NA,UNWTO
19,2018,NA,UNWTO
19,2019,NA,UNWTO
19,2020,NA,UNWTO
19,2021,NA,UNWTO
20,1995,NA,UNWTO
20,1996,NA,UNWTO
20,1997,NA,UNWTO
20,1998,NA,UNWTO
20,1999,NA,UNWTO
20,2000,NA,UNWTO
20,2001,NA,UNWTO
20,2002,NA,UNWTO
20,2003,NA,UNWTO
20,2004,NA,UNWTO
20,2005,NA,UNWTO
20,2006,NA,UNWTO
20,2007,NA,UNWTO
20,2008,NA,UNWTO
20,2009,NA,UNWTO
20,2010,NA,UNWTO
20,2011,NA,UNWTO
20,2012,NA,UNWTO
20,2013,NA,UNWTO
20,2014,NA,UNWTO
20,2015,NA,UNWTO
20,2016,NA,UNWTO
20,2017,NA,UNWTO
20,2018,NA,UNWTO
20,2019,NA,UNWTO
20,2020,NA,UNWTO
20,2021,NA,UNWTO
21,1995,NA,NA
21,1996,NA,NA
21,1997,NA,NA
21,1998,NA,NA
21,1999,NA,NA
21,2000,NA,NA
21,2001,NA,NA
21,2002,NA,NA
21,2003,NA,NA
21,2004,NA,NA
21,2005,NA,NA
21,2006,NA,NA
21,2007,NA,NA
21,2008,NA,NA
21,2009,NA,NA
21,2010,NA,NA
21,2011,NA,NA
21,2012,NA,NA
21,2013,NA,NA
21,2014,NA,NA
21,2015,NA,NA
21,2016,NA,NA
21,2017,NA,NA
21,2018,NA,NA
21,2019,NA,NA
21,2020,NA,NA
21,2021,NA,NA
24,1995,NA,UNWTO
24,1996,NA,UNWTO
24,1997,NA,UNWTO
24,1998,NA,UNWTO
24,1999,NA,UNWTO
24,2000,NA,UNWTO
24,2001,NA,UNWTO
24,2002,NA,UNWTO
24,2003,NA,UNWTO
24,2004,NA,UNWTO
24,2005,NA,UNWTO
24,2006,NA,UNWTO
24,2007,NA,UNWTO
24,2008,NA,UNWTO
24,2009,NA,UNWTO
24,2010,NA,UNWTO
24,2011,NA,UNWTO
24,2012,NA,UNWTO
24,2013,NA,UNWTO
24,2014,NA,UNWTO
24,2015,NA,UNWTO
24,2016,NA,UNWTO
24,2017,NA,UNWTO
24,2018,NA,UNWTO
24,2019,NA,UNWTO
24,2020,NA,UNWTO
24,2021,NA,UNWTO
25,1995,NA,UNWTO
25,1996,NA,UNWTO
25,1997,NA,UNWTO
25,1998,NA,UNWTO
25,1999,NA,UNWTO
25,2000,NA,UNWTO
25,2001,NA,UNWTO
25,2002,NA,UNWTO
25,2003,NA,UNWTO
25,2004,NA,UNWTO
25,2005,NA,UNWTO
25,2006,NA,UNWTO
25,2007,NA,UNWTO
25,2008,NA,UNWTO
25,2009,NA,UNWTO
25,2010,NA,UNWTO
25,2011,NA,UNWTO
25,2012,NA,UNWTO
25,2013,NA,UNWTO
25,2014,NA,UNWTO
25,2015,NA,UNWTO
25,2016,NA,UNWTO
25,2017,NA,UNWTO
25,2018,NA,UNWTO
25,2019,NA,UNWTO
25,2020,NA,UNWTO
25,2021,NA,UNWTO
28,1995,NA,UNWTO
28,1996,NA,UNWTO
28,1997,NA,UNWTO
28,1998,NA,UNWTO
28,1999,NA,UNWTO
28,2000,NA,UNWTO
28,2001,NA,UNWTO
28,2002,NA,UNWTO
28,2003,NA,UNWTO
28,2004,NA,UNWTO
28,2005,NA,UNWTO
28,2006,NA,UNWTO
28,2007,NA,UNWTO
28,2008,NA,UNWTO
28,2009,NA,UNWTO
28,2010,NA,UNWTO
28,2011,NA,UNWTO
28,2012,NA,UNWTO
28,2013,NA,UNWTO
28,2014,NA,UNWTO
28,2015,NA,UNWTO
28,2016,NA,UNWTO
28,2017,NA,UNWTO
28,2018,NA,UNWTO
28,2019,NA,UNWTO
28,2020,NA,UNWTO
28,2021,NA,UNWTO
31,1995,NA,UNWTO
31,1996,NA,UNWTO
31,1997,NA,UNWTO
31,1998,NA,UNWTO
31,1999,NA,UNWTO
31,2000,NA,UNWTO
31,2001,NA,UNWTO
31,2002,NA,UNWTO
31,2003,NA,UNWTO
31,2004,NA,UNWTO
31,2005,NA,UNWTO
31,2006,NA,UNWTO
31,2007,NA,UNWTO
31,2008,NA,UNWTO
31,2009,NA,UNWTO
31,2010,NA,UNWTO
31,2011,NA,UNWTO
31,2012,NA,UNWTO
31,2013,NA,UNWTO
31,2014,NA,UNWTO
31,2015,NA,UNWTO
31,2016,NA,UNWTO
31,2017,NA,UNWTO
31,2018,NA,UNWTO
31,2019,NA,UNWTO
31,2020,NA,UNWTO
31,2021,NA,UNWTO
32,1995,NA,UNWTO
32,1996,NA,UNWTO
32,1997,NA,UNWTO
32,1998,NA,UNWTO
32,1999,NA,UNWTO
32,2000,NA,UNWTO
32,2001,NA,UNWTO
32,2002,NA,UNWTO
32,2003,NA,UNWTO
32,2004,NA,UNWTO
32,2005,NA,UNWTO
32,2006,NA,UNWTO
32,2007,NA,UNWTO
32,2008,NA,UNWTO
32,2009,NA,UNWTO
32,2010,NA,UNWTO
32,2011,NA,UNWTO
32,2012,NA,UNWTO
32,2013,NA,UNWTO
32,2014,NA,UNWTO
32,2015,NA,UNWTO
32,2016,NA,UNWTO
32,2017,NA,UNWTO
32,2018,NA,UNWTO
32,2019,NA,UNWTO
32,2020,NA,UNWTO
32,2021,NA,UNWTO
37,1995,NA,UNWTO
37,1996,NA,UNWTO
37,1997,NA,UNWTO
37,1998,NA,UNWTO
37,1999,NA,UNWTO
37,2000,NA,UNWTO
37,2001,NA,UNWTO
37,2002,NA,UNWTO
37,2003,NA,UNWTO
37,2004,NA,UNWTO
37,2005,NA,UNWTO
37,2006,NA,UNWTO
37,2007,NA,UNWTO
37,2008,NA,UNWTO
37,2009,NA,UNWTO
37,2010,NA,UNWTO
37,2011,NA,UNWTO
37,2012,NA,UNWTO
37,2013,NA,UNWTO
37,2014,NA,UNWTO
37,2015,NA,UNWTO
37,2016,NA,UNWTO
37,2017,NA,UNWTO
37,2018,NA,UNWTO
37,2019,NA,UNWTO
37,2020,NA,UNWTO
37,2021,NA,UNWTO
39,1995,NA,UNWTO
39,1996,NA,UNWTO
39,1997,NA,UNWTO
39,1998,NA,UNWTO
39,1999,NA,UNWTO
39,2000,NA,UNWTO
39,2001,NA,UNWTO
39,2002,NA,UNWTO
39,2003,NA,UNWTO
39,2004,NA,UNWTO
39,2005,NA,UNWTO
39,2006,NA,UNWTO
39,2007,NA,UNWTO
39,2008,NA,UNWTO
39,2009,NA,UNWTO
39,2010,NA,UNWTO
39,2011,NA,UNWTO
39,2012,NA,UNWTO
39,2013,NA,UNWTO
39,2014,NA,UNWTO
39,2015,NA,UNWTO
39,2016,NA,UNWTO
39,2017,NA,UNWTO
39,2018,NA,UNWTO
39,2019,NA,UNWTO
39,2020,NA,UNWTO
39,2021,NA,UNWTO
40,1995,NA,UNWTO
40,1996,NA,UNWTO
40,1997,NA,UNWTO
40,1998,NA,UNWTO
40,1999,NA,UNWTO
40,2000,NA,UNWTO
40,2001,NA,UNWTO
40,2002,NA,UNWTO
40,2003,NA,UNWTO
40,2004,NA,UNWTO
40,2005,NA,UNWTO
40,2006,NA,UNWTO
40,2007,NA,UNWTO
40,2008,NA,UNWTO
40,2009,NA,UNWTO
40,2010,NA,UNWTO
40,2011,NA,UNWTO
40,2012,NA,UNWTO
40,2013,NA,UNWTO
40,2014,NA,UNWTO
40,2015,NA,UNWTO
40,2016,NA,UNWTO
40,2017,NA,UNWTO
40,2018,NA,UNWTO
40,2019,NA,UNWTO
40,2020,NA,UNWTO
40,2021,NA,UNWTO
41,1995,gapfilled,nearby year
41,1996,gapfilled,nearby year
41,1997,gapfilled,nearby year
41,1998,gapfilled,nearby year
41,1999,gapfilled,nearby year
41,2000,gapfilled,nearby year
41,2001,NA,UNWTO
41,2002,NA,UNWTO
41,2003,NA,UNWTO
41,2004,NA,UNWTO
41,2005,NA,UNWTO
41,2006,NA,UNWTO
41,2007,NA,UNWTO
41,2008,NA,UNWTO
41,2009,NA,UNWTO
41,2010,NA,UNWTO
41,2011,NA,UNWTO
41,2012,NA,UNWTO
41,2013,NA,UNWTO
41,2014,NA,UNWTO
41,2015,NA,UNWTO
41,2016,NA,UNWTO
41,2017,NA,UNWTO
41,2018,NA,UNWTO
41,2019,NA,UNWTO
41,2020,NA,UNWTO
41,2021,NA,UNWTO
42,1995,NA,UNWTO
42,1996,NA,UNWTO
42,1997,NA,UNWTO
42,1998,NA,UNWTO
42,1999,NA,UNWTO
42,2000,NA,UNWTO
42,2001,NA,UNWTO
42,2002,NA,UNWTO
42,2003,NA,UNWTO
42,2004,NA,UNWTO
42,2005,NA,UNWTO
42,2006,NA,UNWTO
42,2007,NA,UNWTO
42,2008,NA,UNWTO
42,2009,NA,UNWTO
42,2010,NA,UNWTO
42,2011,NA,UNWTO
42,2012,NA,UNWTO
42,2013,NA,UNWTO
42,2014,NA,UNWTO
42,2015,NA,UNWTO
42,2016,NA,UNWTO
42,2017,NA,UNWTO
42,2018,NA,UNWTO
42,2019,NA,UNWTO
42,2020,NA,UNWTO
42,2021,gapfilled,nearby year
43,1995,NA,UNWTO
43,1996,NA,UNWTO
43,1997,NA,UNWTO
43,1998,NA,UNWTO
43,1999,NA,UNWTO
43,2000,NA,UNWTO
43,2001,NA,UNWTO
43,2002,NA,UNWTO
43,2003,NA,UNWTO
43,2004,NA,UNWTO
43,2005,NA,UNWTO
43,2006,NA,UNWTO
43,2007,NA,UNWTO
43,2008,NA,UNWTO
43,2009,NA,UNWTO
43,2010,NA,UNWTO
43,2011,NA,UNWTO
43,2012,NA,UNWTO
43,2013,NA,UNWTO
43,2014,NA,UNWTO
43,2015,NA,UNWTO
43,2016,NA,UNWTO
43,2017,NA,UNWTO
43,2018,NA,UNWTO
43,2019,NA,UNWTO
43,2020,NA,UNWTO
43,2021,NA,UNWTO
44,1995,NA,NA
44,1996,NA,NA
44,1997,NA,NA
44,1998,NA,NA
44,1999,NA,NA
44,2000,NA,NA
44,2001,NA,NA
44,2002,NA,NA
44,2003,NA,NA
44,2004,NA,NA
44,2005,NA,NA
44,2006,NA,NA
44,2007,NA,NA
44,2008,NA,NA
44,2009,NA,NA
44,2010,NA,NA
44,2011,NA,NA
44,2012,NA,NA
44,2013,NA,NA
44,2014,NA,NA
44,2015,NA,NA
44,2016,NA,NA
44,2017,NA,NA
44,2018,NA,NA
44,2019,NA,NA
44,2020,NA,NA
44,2021,NA,NA
45,1995,NA,UNWTO
45,1996,NA,UNWTO
45,1997,NA,UNWTO
45,1998,NA,UNWTO
45,1999,NA,UNWTO
45,2000,NA,UNWTO
45,2001,NA,UNWTO
45,2002,NA,UNWTO
45,2003,NA,UNWTO
45,2004,NA,UNWTO
45,2005,NA,UNWTO
45,2006,NA,UNWTO
45,2007,NA,UNWTO
45,2008,NA,UNWTO
45,2009,NA,UNWTO
45,2010,NA,UNWTO
45,2011,NA,UNWTO
45,2012,NA,UNWTO
45,2013,NA,UNWTO
45,2014,NA,UNWTO
45,2015,NA,UNWTO
45,2016,NA,UNWTO
45,2017,gapfilled,nearby year
45,2018,gapfilled,nearby year
45,2019,gapfilled,nearby year
45,2020,gapfilled,nearby year
45,2021,gapfilled,nearby year
46,1995,NA,UNWTO
46,1996,NA,UNWTO
46,1997,NA,UNWTO
46,1998,NA,UNWTO
46,1999,NA,UNWTO
46,2000,NA,UNWTO
46,2001,NA,UNWTO
46,2002,NA,UNWTO
46,2003,NA,UNWTO
46,2004,NA,UNWTO
46,2005,NA,UNWTO
46,2006,NA,UNWTO
46,2007,NA,UNWTO
46,2008,NA,UNWTO
46,2009,NA,UNWTO
46,2010,NA,UNWTO
46,2011,NA,UNWTO
46,2012,NA,UNWTO
46,2013,NA,UNWTO
46,2014,gapfilled,nearby year
46,2015,gapfilled,nearby year
46,2016,gapfilled,nearby year
46,2017,gapfilled,nearby year
46,2018,gapfilled,nearby year
46,2019,gapfilled,nearby year
46,2020,gapfilled,nearby year
46,2021,gapfilled,nearby year
47,1995,NA,UNWTO
47,1996,NA,UNWTO
47,1997,NA,UNWTO
47,1998,NA,UNWTO
47,1999,NA,UNWTO
47,2000,NA,UNWTO
47,2001,NA,UNWTO
47,2002,NA,UNWTO
47,2003,NA,UNWTO
47,2004,NA,UNWTO
47,2005,NA,UNWTO
47,2006,NA,UNWTO
47,2007,NA,UNWTO
47,2008,NA,UNWTO
47,2009,NA,UNWTO
47,2010,NA,UNWTO
47,2011,NA,UNWTO
47,2012,NA,UNWTO
47,2013,NA,UNWTO
47,2014,NA,UNWTO
47,2015,NA,UNWTO
47,2016,gapfilled,nearby year
47,2017,gapfilled,nearby year
47,2018,gapfilled,nearby year
47,2019,gapfilled,nearby year
47,2020,gapfilled,nearby year
47,2021,gapfilled,nearby year
48,1995,NA,UNWTO
48,1996,NA,UNWTO
48,1997,NA,UNWTO
48,1998,NA,UNWTO
48,1999,NA,UNWTO
48,2000,NA,UNWTO
48,2001,NA,UNWTO
48,2002,NA,UNWTO
48,2003,NA,UNWTO
48,2004,NA,UNWTO
48,2005,NA,UNWTO
48,2006,NA,UNWTO
48,2007,NA,UNWTO
48,2008,NA,UNWTO
48,2009,NA,UNWTO
48,2010,NA,UNWTO
48,2011,NA,UNWTO
48,2012,NA,UNWTO
48,2013,NA,UNWTO
48,2014,NA,UNWTO
48,2015,NA,UNWTO
48,2016,NA,UNWTO
48,2017,NA,UNWTO
48,2018,NA,UNWTO
48,2019,NA,UNWTO
48,2020,NA,UNWTO
48,2021,gapfilled,nearby year
49,1995,NA,UNWTO
49,1996,NA,UNWTO
49,1997,NA,UNWTO
49,1998,NA,UNWTO
49,1999,NA,UNWTO
49,2000,NA,UNWTO
49,2001,NA,UNWTO
49,2002,NA,UNWTO
49,2003,NA,UNWTO
49,2004,NA,UNWTO
49,2005,NA,UNWTO
49,2006,NA,UNWTO
49,2007,NA,UNWTO
49,2008,NA,UNWTO
49,2009,NA,UNWTO
49,2010,NA,UNWTO
49,2011,NA,UNWTO
49,2012,NA,UNWTO
49,2013,NA,UNWTO
49,2014,NA,UNWTO
49,2015,NA,UNWTO
49,2016,NA,UNWTO
49,2017,NA,UNWTO
49,2018,NA,UNWTO
49,2019,gapfilled,nearby year
49,2020,gapfilled,nearby year
49,2021,gapfilled,nearby year
50,1995,NA,UNWTO
50,1996,gapfilled,nearby year
50,1997,gapfilled,nearby year
50,1998,gapfilled,nearby year
50,1999,gapfilled,nearby year
50,2000,NA,UNWTO
50,2001,NA,UNWTO
50,2002,NA,UNWTO
50,2003,NA,UNWTO
50,2004,NA,UNWTO
50,2005,NA,UNWTO
50,2006,NA,UNWTO
50,2007,NA,UNWTO
50,2008,NA,UNWTO
50,2009,NA,UNWTO
50,2010,NA,UNWTO
50,2011,NA,UNWTO
50,2012,NA,UNWTO
50,2013,NA,UNWTO
50,2014,NA,UNWTO
50,2015,NA,UNWTO
50,2016,NA,UNWTO
50,2017,NA,UNWTO
50,2018,NA,UNWTO
50,2019,NA,UNWTO
50,2020,NA,UNWTO
50,2021,gapfilled,nearby year
51,1995,NA,UNWTO
51,1996,NA,UNWTO
51,1997,NA,UNWTO
51,1998,NA,UNWTO
51,1999,NA,UNWTO
51,2000,NA,UNWTO
51,2001,NA,UNWTO
51,2002,NA,UNWTO
51,2003,NA,UNWTO
51,2004,NA,UNWTO
51,2005,NA,UNWTO
51,2006,NA,UNWTO
51,2007,NA,UNWTO
51,2008,NA,UNWTO
51,2009,NA,UNWTO
51,2010,NA,UNWTO
51,2011,NA,UNWTO
51,2012,NA,UNWTO
51,2013,NA,UNWTO
51,2014,NA,UNWTO
51,2015,NA,UNWTO
51,2016,NA,UNWTO
51,2017,NA,UNWTO
51,2018,NA,UNWTO
51,2019,NA,UNWTO
51,2020,NA,UNWTO
51,2021,gapfilled,nearby year
52,1995,NA,UNWTO
52,1996,NA,UNWTO
52,1997,NA,UNWTO
52,1998,NA,UNWTO
52,1999,NA,UNWTO
52,2000,NA,UNWTO
52,2001,NA,UNWTO
52,2002,NA,UNWTO
52,2003,NA,UNWTO
52,2004,NA,UNWTO
52,2005,NA,UNWTO
52,2006,NA,UNWTO
52,2007,NA,UNWTO
52,2008,NA,UNWTO
52,2009,NA,UNWTO
52,2010,NA,UNWTO
52,2011,NA,UNWTO
52,2012,NA,UNWTO
52,2013,NA,UNWTO
52,2014,NA,UNWTO
52,2015,NA,UNWTO
52,2016,NA,UNWTO
52,2017,NA,UNWTO
52,2018,NA,UNWTO
52,2019,NA,UNWTO
52,2020,NA,UNWTO
52,2021,NA,UNWTO
53,1995,NA,UNWTO
53,1996,NA,UNWTO
53,1997,NA,UNWTO
53,1998,NA,UNWTO
53,1999,NA,UNWTO
53,2000,NA,UNWTO
53,2001,NA,UNWTO
53,2002,NA,UNWTO
53,2003,NA,UNWTO
53,2004,NA,UNWTO
53,2005,NA,UNWTO
53,2006,NA,UNWTO
53,2007,NA,UNWTO
53,2008,NA,UNWTO
53,2009,NA,UNWTO
53,2010,NA,UNWTO
53,2011,NA,UNWTO
53,2012,NA,UNWTO
53,2013,gapfilled,nearby year
53,2014,gapfilled,nearby year
53,2015,gapfilled,nearby year
53,2016,gapfilled,nearby year
53,2017,gapfilled,nearby year
53,2018,gapfilled,nearby year
53,2019,gapfilled,nearby year
53,2020,gapfilled,nearby year
53,2021,gapfilled,nearby year
54,1995,NA,UNWTO
54,1996,NA,UNWTO
54,1997,NA,UNWTO
54,1998,NA,UNWTO
54,1999,NA,UNWTO
54,2000,NA,UNWTO
54,2001,NA,UNWTO
54,2002,NA,UNWTO
54,2003,NA,UNWTO
54,2004,NA,UNWTO
54,2005,NA,UNWTO
54,2006,gapfilled,nearby year
54,2007,gapfilled,nearby year
54,2008,gapfilled,nearby year
54,2009,gapfilled,nearby year
54,2010,gapfilled,nearby year
54,2011,gapfilled,nearby year
54,2012,gapfilled,nearby year
54,2013,gapfilled,nearby year
54,2014,NA,UNWTO
54,2015,NA,UNWTO
54,2016,NA,UNWTO
54,2017,NA,UNWTO
54,2018,NA,UNWTO
54,2019,NA,UNWTO
54,2020,NA,UNWTO
54,2021,gapfilled,nearby year
56,1995,NA,UNWTO
56,1996,NA,UNWTO
56,1997,NA,UNWTO
56,1998,NA,UNWTO
56,1999,NA,UNWTO
56,2000,NA,UNWTO
56,2001,NA,UNWTO
56,2002,NA,UNWTO
56,2003,NA,UNWTO
56,2004,NA,UNWTO
56,2005,NA,UNWTO
56,2006,NA,UNWTO
56,2007,NA,UNWTO
56,2008,NA,UNWTO
56,2009,NA,UNWTO
56,2010,NA,UNWTO
56,2011,NA,UNWTO
56,2012,NA,UNWTO
56,2013,NA,UNWTO
56,2014,NA,UNWTO
56,2015,NA,UNWTO
56,2016,NA,UNWTO
56,2017,NA,UNWTO
56,2018,NA,UNWTO
56,2019,NA,UNWTO
56,2020,NA,UNWTO
56,2021,NA,UNWTO
59,1995,NA,UNWTO
59,1996,NA,UNWTO
59,1997,NA,UNWTO
59,1998,NA,UNWTO
59,1999,NA,UNWTO
59,2000,NA,UNWTO
59,2001,NA,UNWTO
59,2002,NA,UNWTO
59,2003,NA,UNWTO
59,2004,NA,UNWTO
59,2005,NA,UNWTO
59,2006,NA,UNWTO
59,2007,NA,UNWTO
59,2008,NA,UNWTO
59,2009,NA,UNWTO
59,2010,NA,UNWTO
59,2011,NA,UNWTO
59,2012,NA,UNWTO
59,2013,NA,UNWTO
59,2014,NA,UNWTO
59,2015,NA,UNWTO
59,2016,NA,UNWTO
59,2017,NA,UNWTO
59,2018,NA,UNWTO
59,2019,NA,UNWTO
59,2020,NA,UNWTO
59,2021,NA,UNWTO
61,1995,NA,UNWTO
61,1996,NA,UNWTO
61,1997,NA,UNWTO
61,1998,NA,UNWTO
61,1999,NA,UNWTO
61,2000,NA,UNWTO
61,2001,NA,UNWTO
61,2002,NA,UNWTO
61,2003,NA,UNWTO
61,2004,NA,UNWTO
61,2005,NA,UNWTO
61,2006,NA,UNWTO
61,2007,NA,UNWTO
61,2008,NA,UNWTO
61,2009,NA,UNWTO
61,2010,NA,UNWTO
61,2011,NA,UNWTO
61,2012,NA,UNWTO
61,2013,NA,UNWTO
61,2014,NA,UNWTO
61,2015,NA,UNWTO
61,2016,NA,UNWTO
61,2017,NA,UNWTO
61,2018,NA,UNWTO
61,2019,NA,UNWTO
61,2020,NA,UNWTO
61,2021,NA,UNWTO
62,1995,NA,UNWTO
62,1996,NA,UNWTO
62,1997,NA,UNWTO
62,1998,NA,UNWTO
62,1999,NA,UNWTO
62,2000,NA,UNWTO
62,2001,NA,UNWTO
62,2002,NA,UNWTO
62,2003,NA,UNWTO
62,2004,NA,UNWTO
62,2005,NA,UNWTO
62,2006,NA,UNWTO
62,2007,NA,UNWTO
62,2008,NA,UNWTO
62,2009,NA,UNWTO
62,2010,NA,UNWTO
62,2011,NA,UNWTO
62,2012,NA,UNWTO
62,2013,NA,UNWTO
62,2014,NA,UNWTO
62,2015,NA,UNWTO
62,2016,NA,UNWTO
62,2017,NA,UNWTO
62,2018,NA,UNWTO
62,2019,NA,UNWTO
62,2020,NA,UNWTO
62,2021,gapfilled,nearby year
64,1995,gapfilled,nearby year
64,1996,gapfilled,nearby year
64,1997,gapfilled,nearby year
64,1998,gapfilled,nearby year
64,1999,NA,UNWTO
64,2000,NA,UNWTO
64,2001,gapfilled,nearby year
64,2002,gapfilled,nearby year
64,2003,gapfilled,nearby year
64,2004,gapfilled,nearby year
64,2005,gapfilled,nearby year
64,2006,gapfilled,nearby year
64,2007,gapfilled,nearby year
64,2008,gapfilled,nearby year
64,2009,gapfilled,nearby year
64,2010,gapfilled,nearby year
64,2011,gapfilled,nearby year
64,2012,gapfilled,nearby year
64,2013,gapfilled,nearby year
64,2014,gapfilled,nearby year
64,2015,gapfilled,nearby year
64,2016,gapfilled,nearby year
64,2017,gapfilled,nearby year
64,2018,gapfilled,nearby year
64,2019,gapfilled,nearby year
64,2020,gapfilled,nearby year
64,2021,gapfilled,nearby year
65,1995,NA,UNWTO
65,1996,NA,UNWTO
65,1997,NA,UNWTO
65,1998,NA,UNWTO
65,1999,NA,UNWTO
65,2000,NA,UNWTO
65,2001,NA,UNWTO
65,2002,NA,UNWTO
65,2003,NA,UNWTO
65,2004,NA,UNWTO
65,2005,NA,UNWTO
65,2006,NA,UNWTO
65,2007,NA,UNWTO
65,2008,NA,UNWTO
65,2009,NA,UNWTO
65,2010,NA,UNWTO
65,2011,NA,UNWTO
65,2012,NA,UNWTO
65,2013,NA,UNWTO
65,2014,NA,UNWTO
65,2015,NA,UNWTO
65,2016,NA,UNWTO
65,2017,NA,UNWTO
65,2018,NA,UNWTO
65,2019,NA,UNWTO
65,2020,NA,UNWTO
65,2021,NA,UNWTO
66,1995,NA,UNWTO
66,1996,NA,UNWTO
66,1997,NA,UNWTO
66,1998,NA,UNWTO
66,1999,NA,UNWTO
66,2000,NA,UNWTO
66,2001,NA,UNWTO
66,2002,NA,UNWTO
66,2003,NA,UNWTO
66,2004,NA,UNWTO
66,2005,NA,UNWTO
66,2006,NA,UNWTO
66,2007,NA,UNWTO
66,2008,NA,UNWTO
66,2009,NA,UNWTO
66,2010,NA,UNWTO
66,2011,NA,UNWTO
66,2012,NA,UNWTO
66,2013,NA,UNWTO
66,2014,NA,UNWTO
66,2015,NA,UNWTO
66,2016,NA,UNWTO
66,2017,NA,UNWTO
66,2018,gapfilled,nearby year
66,2019,gapfilled,nearby year
66,2020,gapfilled,nearby year
66,2021,gapfilled,nearby year
67,1995,NA,UNWTO
67,1996,NA,UNWTO
67,1997,NA,UNWTO
67,1998,NA,UNWTO
67,1999,NA,UNWTO
67,2000,NA,UNWTO
67,2001,NA,UNWTO
67,2002,NA,UNWTO
67,2003,NA,UNWTO
67,2004,NA,UNWTO
67,2005,NA,UNWTO
67,2006,NA,UNWTO
67,2007,NA,UNWTO
67,2008,NA,UNWTO
67,2009,gapfilled,nearby year
67,2010,gapfilled,nearby year
67,2011,gapfilled,nearby year
67,2012,gapfilled,nearby year
67,2013,gapfilled,nearby year
67,2014,gapfilled,nearby year
67,2015,gapfilled,nearby year
67,2016,gapfilled,nearby year
67,2017,gapfilled,nearby year
67,2018,gapfilled,nearby year
67,2019,gapfilled,nearby year
67,2020,gapfilled,nearby year
67,2021,gapfilled,nearby year
68,1995,NA,UNWTO
68,1996,NA,UNWTO
68,1997,NA,UNWTO
68,1998,NA,UNWTO
68,1999,NA,UNWTO
68,2000,NA,UNWTO
68,2001,NA,UNWTO
68,2002,NA,UNWTO
68,2003,NA,UNWTO
68,2004,NA,UNWTO
68,2005,NA,UNWTO
68,2006,NA,UNWTO
68,2007,NA,UNWTO
68,2008,NA,UNWTO
68,2009,NA,UNWTO
68,2010,NA,UNWTO
68,2011,NA,UNWTO
68,2012,NA,UNWTO
68,2013,NA,UNWTO
68,2014,NA,UNWTO
68,2015,NA,UNWTO
68,2016,NA,UNWTO
68,2017,NA,UNWTO
68,2018,NA,UNWTO
68,2019,NA,UNWTO
68,2020,NA,UNWTO
68,2021,NA,UNWTO
69,1995,NA,UNWTO
69,1996,NA,UNWTO
69,1997,NA,UNWTO
69,1998,NA,UNWTO
69,1999,NA,UNWTO
69,2000,NA,UNWTO
69,2001,NA,UNWTO
69,2002,NA,UNWTO
69,2003,NA,UNWTO
69,2004,NA,UNWTO
69,2005,NA,UNWTO
69,2006,NA,UNWTO
69,2007,NA,UNWTO
69,2008,NA,UNWTO
69,2009,NA,UNWTO
69,2010,NA,UNWTO
69,2011,NA,UNWTO
69,2012,NA,UNWTO
69,2013,NA,UNWTO
69,2014,NA,UNWTO
69,2015,NA,UNWTO
69,2016,NA,UNWTO
69,2017,NA,UNWTO
69,2018,NA,UNWTO
69,2019,NA,UNWTO
69,2020,NA,UNWTO
69,2021,NA,UNWTO
70,1995,NA,UNWTO
70,1996,NA,UNWTO
70,1997,NA,UNWTO
70,1998,NA,UNWTO
70,1999,NA,UNWTO
70,2000,NA,UNWTO
70,2001,NA,UNWTO
70,2002,NA,UNWTO
70,2003,NA,UNWTO
70,2004,NA,UNWTO
70,2005,NA,UNWTO
70,2006,NA,UNWTO
70,2007,NA,UNWTO
70,2008,NA,UNWTO
70,2009,NA,UNWTO
70,2010,NA,UNWTO
70,2011,NA,UNWTO
70,2012,NA,UNWTO
70,2013,NA,UNWTO
70,2014,NA,UNWTO
70,2015,NA,UNWTO
70,2016,NA,UNWTO
70,2017,NA,UNWTO
70,2018,NA,UNWTO
70,2019,NA,UNWTO
70,2020,NA,UNWTO
70,2021,NA,UNWTO
71,1995,NA,UNWTO
71,1996,NA,UNWTO
71,1997,NA,UNWTO
71,1998,NA,UNWTO
71,1999,NA,UNWTO
71,2000,NA,UNWTO
71,2001,NA,UNWTO
71,2002,NA,UNWTO
71,2003,NA,UNWTO
71,2004,NA,UNWTO
71,2005,NA,UNWTO
71,2006,NA,UNWTO
71,2007,NA,UNWTO
71,2008,NA,UNWTO
71,2009,NA,UNWTO
71,2010,NA,UNWTO
71,2011,NA,UNWTO
71,2012,NA,UNWTO
71,2013,NA,UNWTO
71,2014,NA,UNWTO
71,2015,NA,UNWTO
71,2016,NA,UNWTO
71,2017,NA,UNWTO
71,2018,NA,UNWTO
71,2019,NA,UNWTO
71,2020,NA,UNWTO
71,2021,NA,UNWTO
72,1995,NA,UNWTO
72,1996,NA,UNWTO
72,1997,NA,UNWTO
72,1998,NA,UNWTO
72,1999,NA,UNWTO
72,2000,NA,UNWTO
72,2001,NA,UNWTO
72,2002,NA,UNWTO
72,2003,NA,UNWTO
72,2004,NA,UNWTO
72,2005,NA,UNWTO
72,2006,NA,UNWTO
72,2007,NA,UNWTO
72,2008,NA,UNWTO
72,2009,NA,UNWTO
72,2010,NA,UNWTO
72,2011,NA,UNWTO
72,2012,NA,UNWTO
72,2013,NA,UNWTO
72,2014,NA,UNWTO
72,2015,NA,UNWTO
72,2016,NA,UNWTO
72,2017,NA,UNWTO
72,2018,NA,UNWTO
72,2019,NA,UNWTO
72,2020,NA,UNWTO
72,2021,NA,UNWTO
73,1995,NA,UNWTO
73,1996,NA,UNWTO
73,1997,NA,UNWTO
73,1998,NA,UNWTO
73,1999,NA,UNWTO
73,2000,NA,UNWTO
73,2001,NA,UNWTO
73,2002,NA,UNWTO
73,2003,NA,UNWTO
73,2004,NA,UNWTO
73,2005,NA,UNWTO
73,2006,NA,UNWTO
73,2007,NA,UNWTO
73,2008,NA,UNWTO
73,2009,NA,UNWTO
73,2010,NA,UNWTO
73,2011,NA,UNWTO
73,2012,NA,UNWTO
73,2013,NA,UNWTO
73,2014,NA,UNWTO
73,2015,NA,UNWTO
73,2016,NA,UNWTO
73,2017,NA,UNWTO
73,2018,NA,UNWTO
73,2019,NA,UNWTO
73,2020,NA,UNWTO
73,2021,gapfilled,nearby year
74,1995,NA,UNWTO
74,1996,NA,UNWTO
74,1997,NA,UNWTO
74,1998,NA,UNWTO
74,1999,NA,UNWTO
74,2000,NA,UNWTO
74,2001,NA,UNWTO
74,2002,NA,UNWTO
74,2003,NA,UNWTO
74,2004,NA,UNWTO
74,2005,NA,UNWTO
74,2006,NA,UNWTO
74,2007,NA,UNWTO
74,2008,NA,UNWTO
74,2009,NA,UNWTO
74,2010,NA,UNWTO
74,2011,NA,UNWTO
74,2012,NA,UNWTO
74,2013,NA,UNWTO
74,2014,NA,UNWTO
74,2015,NA,UNWTO
74,2016,NA,UNWTO
74,2017,NA,UNWTO
74,2018,NA,UNWTO
74,2019,NA,UNWTO
74,2020,NA,UNWTO
74,2021,NA,UNWTO
75,1995,NA,UNWTO
75,1996,NA,UNWTO
75,1997,NA,UNWTO
75,1998,NA,UNWTO
75,1999,NA,UNWTO
75,2000,NA,UNWTO
75,2001,NA,UNWTO
75,2002,NA,UNWTO
75,2003,NA,UNWTO
75,2004,NA,UNWTO
75,2005,NA,UNWTO
75,2006,NA,UNWTO
75,2007,NA,UNWTO
75,2008,NA,UNWTO
75,2009,NA,UNWTO
75,2010,NA,UNWTO
75,2011,NA,UNWTO
75,2012,NA,UNWTO
75,2013,NA,UNWTO
75,2014,NA,UNWTO
75,2015,NA,UNWTO
75,2016,NA,UNWTO
75,2017,NA,UNWTO
75,2018,NA,UNWTO
75,2019,NA,UNWTO
75,2020,NA,UNWTO
75,2021,gapfilled,nearby year
76,1995,NA,UNWTO
76,1996,NA,UNWTO
76,1997,NA,UNWTO
76,1998,NA,UNWTO
76,1999,NA,UNWTO
76,2000,NA,UNWTO
76,2001,NA,UNWTO
76,2002,NA,UNWTO
76,2003,NA,UNWTO
76,2004,NA,UNWTO
76,2005,NA,UNWTO
76,2006,NA,UNWTO
76,2007,NA,UNWTO
76,2008,NA,UNWTO
76,2009,NA,UNWTO
76,2010,NA,UNWTO
76,2011,NA,UNWTO
76,2012,NA,UNWTO
76,2013,NA,UNWTO
76,2014,NA,UNWTO
76,2015,NA,UNWTO
76,2016,NA,UNWTO
76,2017,NA,UNWTO
76,2018,NA,UNWTO
76,2019,NA,UNWTO
76,2020,NA,UNWTO
76,2021,NA,UNWTO
77,1995,NA,UNWTO
77,1996,NA,UNWTO
77,1997,NA,UNWTO
77,1998,NA,UNWTO
77,1999,NA,UNWTO
77,2000,NA,UNWTO
77,2001,NA,UNWTO
77,2002,NA,UNWTO
77,2003,NA,UNWTO
77,2004,NA,UNWTO
77,2005,NA,UNWTO
77,2006,NA,UNWTO
77,2007,NA,UNWTO
77,2008,NA,UNWTO
77,2009,NA,UNWTO
77,2010,NA,UNWTO
77,2011,NA,UNWTO
77,2012,gapfilled,nearby year
77,2013,gapfilled,nearby year
77,2014,gapfilled,nearby year
77,2015,gapfilled,nearby year
77,2016,NA,UNWTO
77,2017,NA,UNWTO
77,2018,NA,UNWTO
77,2019,NA,UNWTO
77,2020,NA,UNWTO
77,2021,NA,UNWTO
78,1995,NA,UNWTO
78,1996,NA,UNWTO
78,1997,NA,UNWTO
78,1998,NA,UNWTO
78,1999,NA,UNWTO
78,2000,NA,UNWTO
78,2001,NA,UNWTO
78,2002,NA,UNWTO
78,2003,NA,UNWTO
78,2004,NA,UNWTO
78,2005,NA,UNWTO
78,2006,NA,UNWTO
78,2007,NA,UNWTO
78,2008,NA,UNWTO
78,2009,NA,UNWTO
78,2010,NA,UNWTO
78,2011,NA,UNWTO
78,2012,NA,UNWTO
78,2013,NA,UNWTO
78,2014,NA,UNWTO
78,2015,NA,UNWTO
78,2016,NA,UNWTO
78,2017,NA,UNWTO
78,2018,NA,UNWTO
78,2019,NA,UNWTO
78,2020,NA,UNWTO
78,2021,NA,UNWTO
79,1995,NA,UNWTO
79,1996,NA,UNWTO
79,1997,NA,UNWTO
79,1998,NA,UNWTO
79,1999,NA,UNWTO
79,2000,NA,UNWTO
79,2001,NA,UNWTO
79,2002,NA,UNWTO
79,2003,NA,UNWTO
79,2004,NA,UNWTO
79,2005,NA,UNWTO
79,2006,NA,UNWTO
79,2007,NA,UNWTO
79,2008,NA,UNWTO
79,2009,NA,UNWTO
79,2010,NA,UNWTO
79,2011,NA,UNWTO
79,2012,NA,UNWTO
79,2013,NA,UNWTO
79,2014,NA,UNWTO
79,2015,NA,UNWTO
79,2016,NA,UNWTO
79,2017,NA,UNWTO
79,2018,NA,UNWTO
79,2019,NA,UNWTO
79,2020,NA,UNWTO
79,2021,NA,UNWTO
80,1995,NA,UNWTO
80,1996,NA,UNWTO
80,1997,NA,UNWTO
80,1998,NA,UNWTO
80,1999,NA,UNWTO
80,2000,NA,UNWTO
80,2001,NA,UNWTO
80,2002,NA,UNWTO
80,2003,NA,UNWTO
80,2004,NA,UNWTO
80,2005,NA,UNWTO
80,2006,NA,UNWTO
80,2007,NA,UNWTO
80,2008,NA,UNWTO
80,2009,NA,UNWTO
80,2010,NA,UNWTO
80,2011,NA,UNWTO
80,2012,NA,UNWTO
80,2013,NA,UNWTO
80,2014,NA,UNWTO
80,2015,NA,UNWTO
80,2016,NA,UNWTO
80,2017,NA,UNWTO
80,2018,NA,UNWTO
80,2019,NA,UNWTO
80,2020,NA,UNWTO
80,2021,NA,UNWTO
81,1995,NA,UNWTO
81,1996,NA,UNWTO
81,1997,NA,UNWTO
81,1998,NA,UNWTO
81,1999,NA,UNWTO
81,2000,NA,UNWTO
81,2001,NA,UNWTO
81,2002,NA,UNWTO
81,2003,NA,UNWTO
81,2004,NA,UNWTO
81,2005,NA,UNWTO
81,2006,NA,UNWTO
81,2007,NA,UNWTO
81,2008,NA,UNWTO
81,2009,NA,UNWTO
81,2010,NA,UNWTO
81,2011,NA,UNWTO
81,2012,NA,UNWTO
81,2013,NA,UNWTO
81,2014,NA,UNWTO
81,2015,NA,UNWTO
81,2016,NA,UNWTO
81,2017,NA,UNWTO
81,2018,NA,UNWTO
81,2019,NA,UNWTO
81,2020,NA,UNWTO
81,2021,gapfilled,nearby year
82,1995,NA,UNWTO
82,1996,NA,UNWTO
82,1997,NA,UNWTO
82,1998,NA,UNWTO
82,1999,NA,UNWTO
82,2000,NA,UNWTO
82,2001,NA,UNWTO
82,2002,NA,UNWTO
82,2003,NA,UNWTO
82,2004,NA,UNWTO
82,2005,NA,UNWTO
82,2006,NA,UNWTO
82,2007,NA,UNWTO
82,2008,NA,UNWTO
82,2009,NA,UNWTO
82,2010,NA,UNWTO
82,2011,NA,UNWTO
82,2012,NA,UNWTO
82,2013,NA,UNWTO
82,2014,NA,UNWTO
82,2015,NA,UNWTO
82,2016,NA,UNWTO
82,2017,NA,UNWTO
82,2018,NA,UNWTO
82,2019,NA,UNWTO
82,2020,NA,UNWTO
82,2021,NA,UNWTO
84,1995,NA,UNWTO
84,1996,NA,UNWTO
84,1997,NA,UNWTO
84,1998,NA,UNWTO
84,1999,NA,UNWTO
84,2000,NA,UNWTO
84,2001,NA,UNWTO
84,2002,NA,UNWTO
84,2003,NA,UNWTO
84,2004,NA,UNWTO
84,2005,NA,UNWTO
84,2006,NA,UNWTO
84,2007,NA,UNWTO
84,2008,NA,UNWTO
84,2009,NA,UNWTO
84,2010,NA,UNWTO
84,2011,NA,UNWTO
84,2012,NA,UNWTO
84,2013,NA,UNWTO
84,2014,NA,UNWTO
84,2015,NA,UNWTO
84,2016,NA,UNWTO
84,2017,NA,UNWTO
84,2018,NA,UNWTO
84,2019,NA,UNWTO
84,2020,NA,UNWTO
84,2021,NA,UNWTO
96,1995,NA,UNWTO
96,1996,NA,UNWTO
96,1997,NA,UNWTO
96,1998,NA,UNWTO
96,1999,NA,UNWTO
96,2000,NA,UNWTO
96,2001,NA,UNWTO
96,2002,NA,UNWTO
96,2003,NA,UNWTO
96,2004,NA,UNWTO
96,2005,NA,UNWTO
96,2006,NA,UNWTO
96,2007,NA,UNWTO
96,2008,NA,UNWTO
96,2009,NA,UNWTO
96,2010,NA,UNWTO
96,2011,NA,UNWTO
96,2012,NA,UNWTO
96,2013,NA,UNWTO
96,2014,NA,UNWTO
96,2015,NA,UNWTO
96,2016,NA,UNWTO
96,2017,NA,UNWTO
96,2018,NA,UNWTO
96,2019,NA,UNWTO
96,2020,NA,UNWTO
96,2021,NA,UNWTO
97,1995,NA,NA
97,1996,NA,NA
97,1997,NA,NA
97,1998,NA,NA
97,1999,NA,NA
97,2000,NA,NA
97,2001,NA,NA
97,2002,NA,NA
97,2003,NA,NA
97,2004,NA,NA
97,2005,NA,NA
97,2006,NA,NA
97,2007,NA,NA
97,2008,NA,NA
97,2009,NA,NA
97,2010,NA,NA
97,2011,NA,NA
97,2012,NA,NA
97,2013,NA,NA
97,2014,NA,NA
97,2015,NA,NA
97,2016,NA,NA
97,2017,NA,NA
97,2018,NA,NA
97,2019,NA,NA
97,2020,NA,NA
97,2021,NA,NA
98,1995,NA,UNWTO
98,1996,NA,UNWTO
98,1997,NA,UNWTO
98,1998,NA,UNWTO
98,1999,NA,UNWTO
98,2000,NA,UNWTO
98,2001,NA,UNWTO
98,2002,NA,UNWTO
98,2003,NA,UNWTO
98,2004,NA,UNWTO
98,2005,NA,UNWTO
98,2006,NA,UNWTO
98,2007,NA,UNWTO
98,2008,NA,UNWTO
98,2009,NA,UNWTO
98,2010,NA,UNWTO
98,2011,NA,UNWTO
98,2012,NA,UNWTO
98,2013,NA,UNWTO
98,2014,NA,UNWTO
98,2015,NA,UNWTO
98,2016,NA,UNWTO
98,2017,NA,UNWTO
98,2018,NA,UNWTO
98,2019,NA,UNWTO
98,2020,NA,UNWTO
98,2021,gapfilled,nearby year
99,1995,NA,UNWTO
99,1996,NA,UNWTO
99,1997,NA,UNWTO
99,1998,NA,UNWTO
99,1999,NA,UNWTO
99,2000,NA,UNWTO
99,2001,NA,UNWTO
99,2002,NA,UNWTO
99,2003,NA,UNWTO
99,2004,NA,UNWTO
99,2005,NA,UNWTO
99,2006,NA,UNWTO
99,2007,NA,UNWTO
99,2008,NA,UNWTO
99,2009,NA,UNWTO
99,2010,NA,UNWTO
99,2011,NA,UNWTO
99,2012,NA,UNWTO
99,2013,NA,UNWTO
99,2014,NA,UNWTO
99,2015,NA,UNWTO
99,2016,NA,UNWTO
99,2017,NA,UNWTO
99,2018,NA,UNWTO
99,2019,NA,UNWTO
99,2020,NA,UNWTO
99,2021,gapfilled,nearby year
100,1995,NA,UNWTO
100,1996,NA,UNWTO
100,1997,NA,UNWTO
100,1998,NA,UNWTO
100,1999,NA,UNWTO
100,2000,NA,UNWTO
100,2001,NA,UNWTO
100,2002,NA,UNWTO
100,2003,NA,UNWTO
100,2004,NA,UNWTO
100,2005,NA,UNWTO
100,2006,NA,UNWTO
100,2007,NA,UNWTO
100,2008,NA,UNWTO
100,2009,NA,UNWTO
100,2010,NA,UNWTO
100,2011,NA,UNWTO
100,2012,NA,UNWTO
100,2013,NA,UNWTO
100,2014,NA,UNWTO
100,2015,NA,UNWTO
100,2016,NA,UNWTO
100,2017,NA,UNWTO
100,2018,NA,UNWTO
100,2019,gapfilled,nearby year
100,2020,gapfilled,nearby year
100,2021,gapfilled,nearby year
101,1995,NA,UNWTO
101,1996,NA,UNWTO
101,1997,NA,UNWTO
101,1998,NA,UNWTO
101,1999,NA,UNWTO
101,2000,NA,UNWTO
101,2001,NA,UNWTO
101,2002,NA,UNWTO
101,2003,NA,UNWTO
101,2004,NA,UNWTO
101,2005,NA,UNWTO
101,2006,NA,UNWTO
101,2007,NA,UNWTO
101,2008,NA,UNWTO
101,2009,NA,UNWTO
101,2010,NA,UNWTO
101,2011,NA,UNWTO
101,2012,NA,UNWTO
101,2013,NA,UNWTO
101,2014,NA,UNWTO
101,2015,NA,UNWTO
101,2016,NA,UNWTO
101,2017,NA,UNWTO
101,2018,NA,UNWTO
101,2019,NA,UNWTO
101,2020,NA,UNWTO
101,2021,NA,UNWTO
102,1995,NA,UNWTO
102,1996,NA,UNWTO
102,1997,NA,UNWTO
102,1998,NA,UNWTO
102,1999,NA,UNWTO
102,2000,NA,UNWTO
102,2001,NA,UNWTO
102,2002,NA,UNWTO
102,2003,NA,UNWTO
102,2004,NA,UNWTO
102,2005,NA,UNWTO
102,2006,NA,UNWTO
102,2007,NA,UNWTO
102,2008,NA,UNWTO
102,2009,NA,UNWTO
102,2010,NA,UNWTO
102,2011,NA,UNWTO
102,2012,NA,UNWTO
102,2013,NA,UNWTO
102,2014,NA,UNWTO
102,2015,NA,UNWTO
102,2016,NA,UNWTO
102,2017,NA,UNWTO
102,2018,NA,UNWTO
102,2019,NA,UNWTO
102,2020,NA,UNWTO
102,2021,NA,UNWTO
103,1995,NA,UNWTO
103,1996,NA,UNWTO
103,1997,NA,UNWTO
103,1998,NA,UNWTO
103,1999,NA,UNWTO
103,2000,NA,UNWTO
103,2001,NA,UNWTO
103,2002,NA,UNWTO
103,2003,NA,UNWTO
103,2004,NA,UNWTO
103,2005,NA,UNWTO
103,2006,NA,UNWTO
103,2007,NA,UNWTO
103,2008,NA,UNWTO
103,2009,NA,UNWTO
103,2010,NA,UNWTO
103,2011,NA,UNWTO
103,2012,gapfilled,nearby year
103,2013,gapfilled,nearby year
103,2014,gapfilled,nearby year
103,2015,NA,UNWTO
103,2016,NA,UNWTO
103,2017,NA,UNWTO
103,2018,NA,UNWTO
103,2019,NA,UNWTO
103,2020,NA,UNWTO
103,2021,NA,UNWTO
104,1995,NA,NA
104,1996,NA,NA
104,1997,NA,NA
104,1998,NA,NA
104,1999,NA,NA
104,2000,NA,NA
104,2001,NA,NA
104,2002,NA,NA
104,2003,NA,NA
104,2004,NA,NA
104,2005,NA,NA
104,2006,NA,NA
104,2007,NA,NA
104,2008,NA,NA
104,2009,NA,NA
104,2010,NA,NA
104,2011,NA,NA
104,2012,NA,NA
104,2013,NA,NA
104,2014,NA,NA
104,2015,NA,NA
104,2016,NA,NA
104,2017,NA,NA
104,2018,NA,NA
104,2019,NA,NA
104,2020,NA,NA
104,2021,NA,NA
106,1995,NA,UNWTO
106,1996,NA,UNWTO
106,1997,NA,UNWTO
106,1998,NA,UNWTO
106,1999,NA,UNWTO
106,2000,NA,UNWTO
106,2001,NA,UNWTO
106,2002,NA,UNWTO
106,2003,NA,UNWTO
106,2004,NA,UNWTO
106,2005,NA,UNWTO
106,2006,NA,UNWTO
106,2007,NA,UNWTO
106,2008,NA,UNWTO
106,2009,NA,UNWTO
106,2010,NA,UNWTO
106,2011,NA,UNWTO
106,2012,NA,UNWTO
106,2013,NA,UNWTO
106,2014,NA,UNWTO
106,2015,NA,UNWTO
106,2016,NA,UNWTO
106,2017,NA,UNWTO
106,2018,NA,UNWTO
106,2019,NA,UNWTO
106,2020,NA,UNWTO
106,2021,NA,UNWTO
108,1995,NA,UNWTO
108,1996,NA,UNWTO
108,1997,NA,UNWTO
108,1998,NA,UNWTO
108,1999,NA,UNWTO
108,2000,NA,UNWTO
108,2001,NA,UNWTO
108,2002,NA,UNWTO
108,2003,NA,UNWTO
108,2004,NA,UNWTO
108,2005,NA,UNWTO
108,2006,NA,UNWTO
108,2007,NA,UNWTO
108,2008,NA,UNWTO
108,2009,NA,UNWTO
108,2010,NA,UNWTO
108,2011,NA,UNWTO
108,2012,NA,UNWTO
108,2013,NA,UNWTO
108,2014,NA,UNWTO
108,2015,NA,UNWTO
108,2016,NA,UNWTO
108,2017,NA,UNWTO
108,2018,NA,UNWTO
108,2019,NA,UNWTO
108,2020,NA,UNWTO
108,2021,NA,UNWTO
110,1995,NA,UNWTO
110,1996,NA,UNWTO
110,1997,NA,UNWTO
110,1998,NA,UNWTO
110,1999,NA,UNWTO
110,2000,NA,UNWTO
110,2001,NA,UNWTO
110,2002,NA,UNWTO
110,2003,NA,UNWTO
110,2004,NA,UNWTO
110,2005,NA,UNWTO
110,2006,NA,UNWTO
110,2007,NA,UNWTO
110,2008,NA,UNWTO
110,2009,NA,UNWTO
110,2010,NA,UNWTO
110,2011,NA,UNWTO
110,2012,NA,UNWTO
110,2013,NA,UNWTO
110,2014,NA,UNWTO
110,2015,NA,UNWTO
110,2016,NA,UNWTO
110,2017,NA,UNWTO
110,2018,NA,UNWTO
110,2019,NA,UNWTO
110,2020,NA,UNWTO
110,2021,NA,UNWTO
111,1995,NA,UNWTO
111,1996,NA,UNWTO
111,1997,NA,UNWTO
111,1998,NA,UNWTO
111,1999,NA,UNWTO
111,2000,NA,UNWTO
111,2001,NA,UNWTO
111,2002,NA,UNWTO
111,2003,NA,UNWTO
111,2004,NA,UNWTO
111,2005,NA,UNWTO
111,2006,NA,UNWTO
111,2007,NA,UNWTO
111,2008,NA,UNWTO
111,2009,NA,UNWTO
111,2010,NA,UNWTO
111,2011,NA,UNWTO
111,2012,NA,UNWTO
111,2013,NA,UNWTO
111,2014,NA,UNWTO
111,2015,NA,UNWTO
111,2016,NA,UNWTO
111,2017,NA,UNWTO
111,2018,NA,UNWTO
111,2019,NA,UNWTO
111,2020,NA,UNWTO
111,2021,NA,UNWTO
112,1995,NA,UNWTO
112,1996,NA,UNWTO
112,1997,NA,UNWTO
112,1998,NA,UNWTO
112,1999,NA,UNWTO
112,2000,NA,UNWTO
112,2001,NA,UNWTO
112,2002,NA,UNWTO
112,2003,NA,UNWTO
112,2004,NA,UNWTO
112,2005,NA,UNWTO
112,2006,NA,UNWTO
112,2007,NA,UNWTO
112,2008,NA,UNWTO
112,2009,NA,UNWTO
112,2010,NA,UNWTO
112,2011,NA,UNWTO
112,2012,NA,UNWTO
112,2013,NA,UNWTO
112,2014,NA,UNWTO
112,2015,NA,UNWTO
112,2016,NA,UNWTO
112,2017,NA,UNWTO
112,2018,NA,UNWTO
112,2019,NA,UNWTO
112,2020,NA,UNWTO
112,2021,gapfilled,nearby year
113,1995,NA,UNWTO
113,1996,NA,UNWTO
113,1997,NA,UNWTO
113,1998,NA,UNWTO
113,1999,NA,UNWTO
113,2000,NA,UNWTO
113,2001,NA,UNWTO
113,2002,NA,UNWTO
113,2003,NA,UNWTO
113,2004,NA,UNWTO
113,2005,NA,UNWTO
113,2006,NA,UNWTO
113,2007,NA,UNWTO
113,2008,NA,UNWTO
113,2009,NA,UNWTO
113,2010,NA,UNWTO
113,2011,NA,UNWTO
113,2012,NA,UNWTO
113,2013,NA,UNWTO
113,2014,NA,UNWTO
113,2015,NA,UNWTO
113,2016,NA,UNWTO
113,2017,NA,UNWTO
113,2018,NA,UNWTO
113,2019,NA,UNWTO
113,2020,NA,UNWTO
113,2021,NA,UNWTO
114,1995,NA,UNWTO
114,1996,NA,UNWTO
114,1997,NA,UNWTO
114,1998,NA,UNWTO
114,1999,NA,UNWTO
114,2000,NA,UNWTO
114,2001,NA,UNWTO
114,2002,NA,UNWTO
114,2003,NA,UNWTO
114,2004,NA,UNWTO
114,2005,NA,UNWTO
114,2006,NA,UNWTO
114,2007,NA,UNWTO
114,2008,NA,UNWTO
114,2009,NA,UNWTO
114,2010,NA,UNWTO
114,2011,NA,UNWTO
114,2012,NA,UNWTO
114,2013,NA,UNWTO
114,2014,NA,UNWTO
114,2015,NA,UNWTO
114,2016,NA,UNWTO
114,2017,NA,UNWTO
114,2018,NA,UNWTO
114,2019,NA,UNWTO
114,2020,NA,UNWTO
114,2021,gapfilled,nearby year
115,1995,NA,UNWTO
115,1996,NA,UNWTO
115,1997,NA,UNWTO
115,1998,NA,UNWTO
115,1999,NA,UNWTO
115,2000,NA,UNWTO
115,2001,NA,UNWTO
115,2002,NA,UNWTO
115,2003,NA,UNWTO
115,2004,NA,UNWTO
115,2005,NA,UNWTO
115,2006,NA,UNWTO
115,2007,NA,UNWTO
115,2008,NA,UNWTO
115,2009,NA,UNWTO
115,2010,NA,UNWTO
115,2011,NA,UNWTO
115,2012,NA,UNWTO
115,2013,NA,UNWTO
115,2014,NA,UNWTO
115,2015,NA,UNWTO
115,2016,NA,UNWTO
115,2017,NA,UNWTO
115,2018,NA,UNWTO
115,2019,NA,UNWTO
115,2020,NA,UNWTO
115,2021,NA,UNWTO
116,1995,NA,UNWTO
116,1996,NA,UNWTO
116,1997,NA,UNWTO
116,1998,NA,UNWTO
116,1999,NA,UNWTO
116,2000,NA,UNWTO
116,2001,NA,UNWTO
116,2002,NA,UNWTO
116,2003,NA,UNWTO
116,2004,NA,UNWTO
116,2005,NA,UNWTO
116,2006,NA,UNWTO
116,2007,NA,UNWTO
116,2008,NA,UNWTO
116,2009,NA,UNWTO
116,2010,NA,UNWTO
116,2011,NA,UNWTO
116,2012,NA,UNWTO
116,2013,NA,UNWTO
116,2014,NA,UNWTO
116,2015,NA,UNWTO
116,2016,NA,UNWTO
116,2017,NA,UNWTO
116,2018,NA,UNWTO
116,2019,NA,UNWTO
116,2020,NA,UNWTO
116,2021,gapfilled,nearby year
117,1995,NA,UNWTO
117,1996,NA,UNWTO
117,1997,NA,UNWTO
117,1998,NA,UNWTO
117,1999,NA,UNWTO
117,2000,NA,UNWTO
117,2001,NA,UNWTO
117,2002,NA,UNWTO
117,2003,NA,UNWTO
117,2004,NA,UNWTO
117,2005,NA,UNWTO
117,2006,NA,UNWTO
117,2007,NA,UNWTO
117,2008,NA,UNWTO
117,2009,NA,UNWTO
117,2010,NA,UNWTO
117,2011,NA,UNWTO
117,2012,NA,UNWTO
117,2013,NA,UNWTO
117,2014,NA,UNWTO
117,2015,NA,UNWTO
117,2016,NA,UNWTO
117,2017,NA,UNWTO
117,2018,NA,UNWTO
117,2019,NA,UNWTO
117,2020,NA,UNWTO
117,2021,gapfilled,nearby year
118,1995,NA,UNWTO
118,1996,NA,UNWTO
118,1997,NA,UNWTO
118,1998,NA,UNWTO
118,1999,NA,UNWTO
118,2000,NA,UNWTO
118,2001,NA,UNWTO
118,2002,NA,UNWTO
118,2003,NA,UNWTO
118,2004,NA,UNWTO
118,2005,NA,UNWTO
118,2006,NA,UNWTO
118,2007,NA,UNWTO
118,2008,NA,UNWTO
118,2009,NA,UNWTO
118,2010,NA,UNWTO
118,2011,NA,UNWTO
118,2012,NA,UNWTO
118,2013,NA,UNWTO
118,2014,NA,UNWTO
118,2015,NA,UNWTO
118,2016,NA,UNWTO
118,2017,NA,UNWTO
118,2018,NA,UNWTO
118,2019,NA,UNWTO
118,2020,NA,UNWTO
118,2021,NA,UNWTO
119,1995,NA,UNWTO
119,1996,NA,UNWTO
119,1997,NA,UNWTO
119,1998,NA,UNWTO
119,1999,NA,UNWTO
119,2000,NA,UNWTO
119,2001,NA,UNWTO
119,2002,NA,UNWTO
119,2003,NA,UNWTO
119,2004,NA,UNWTO
119,2005,NA,UNWTO
119,2006,NA,UNWTO
119,2007,NA,UNWTO
119,2008,NA,UNWTO
119,2009,NA,UNWTO
119,2010,NA,UNWTO
119,2011,NA,UNWTO
119,2012,NA,UNWTO
119,2013,NA,UNWTO
119,2014,NA,UNWTO
119,2015,NA,UNWTO
119,2016,NA,UNWTO
119,2017,NA,UNWTO
119,2018,NA,UNWTO
119,2019,NA,UNWTO
119,2020,NA,UNWTO
119,2021,gapfilled,nearby year
120,1995,NA,UNWTO
120,1996,NA,UNWTO
120,1997,NA,UNWTO
120,1998,NA,UNWTO
120,1999,NA,UNWTO
120,2000,NA,UNWTO
120,2001,NA,UNWTO
120,2002,NA,UNWTO
120,2003,NA,UNWTO
120,2004,NA,UNWTO
120,2005,NA,UNWTO
120,2006,NA,UNWTO
120,2007,NA,UNWTO
120,2008,NA,UNWTO
120,2009,NA,UNWTO
120,2010,NA,UNWTO
120,2011,NA,UNWTO
120,2012,NA,UNWTO
120,2013,NA,UNWTO
120,2014,NA,UNWTO
120,2015,NA,UNWTO
120,2016,NA,UNWTO
120,2017,NA,UNWTO
120,2018,NA,UNWTO
120,2019,NA,UNWTO
120,2020,NA,UNWTO
120,2021,NA,UNWTO
121,1995,NA,UNWTO
121,1996,NA,UNWTO
121,1997,NA,UNWTO
121,1998,NA,UNWTO
121,1999,NA,UNWTO
121,2000,NA,UNWTO
121,2001,NA,UNWTO
121,2002,NA,UNWTO
121,2003,NA,UNWTO
121,2004,NA,UNWTO
121,2005,NA,UNWTO
121,2006,NA,UNWTO
121,2007,NA,UNWTO
121,2008,NA,UNWTO
121,2009,NA,UNWTO
121,2010,NA,UNWTO
121,2011,NA,UNWTO
121,2012,NA,UNWTO
121,2013,NA,UNWTO
121,2014,NA,UNWTO
121,2015,NA,UNWTO
121,2016,NA,UNWTO
121,2017,NA,UNWTO
121,2018,NA,UNWTO
121,2019,NA,UNWTO
121,2020,NA,UNWTO
121,2021,NA,UNWTO
122,1995,NA,UNWTO
122,1996,NA,UNWTO
122,1997,NA,UNWTO
122,1998,NA,UNWTO
122,1999,NA,UNWTO
122,2000,NA,UNWTO
122,2001,NA,UNWTO
122,2002,NA,UNWTO
122,2003,NA,UNWTO
122,2004,NA,UNWTO
122,2005,NA,UNWTO
122,2006,NA,UNWTO
122,2007,NA,UNWTO
122,2008,NA,UNWTO
122,2009,NA,UNWTO
122,2010,NA,UNWTO
122,2011,NA,UNWTO
122,2012,NA,UNWTO
122,2013,NA,UNWTO
122,2014,NA,UNWTO
122,2015,NA,UNWTO
122,2016,NA,UNWTO
122,2017,NA,UNWTO
122,2018,NA,UNWTO
122,2019,NA,UNWTO
122,2020,NA,UNWTO
122,2021,NA,UNWTO
123,1995,NA,UNWTO
123,1996,NA,UNWTO
123,1997,NA,UNWTO
123,1998,NA,UNWTO
123,1999,NA,UNWTO
123,2000,NA,UNWTO
123,2001,NA,UNWTO
123,2002,NA,UNWTO
123,2003,NA,UNWTO
123,2004,NA,UNWTO
123,2005,NA,UNWTO
123,2006,NA,UNWTO
123,2007,NA,UNWTO
123,2008,NA,UNWTO
123,2009,NA,UNWTO
123,2010,NA,UNWTO
123,2011,NA,UNWTO
123,2012,NA,UNWTO
123,2013,NA,UNWTO
123,2014,NA,UNWTO
123,2015,NA,UNWTO
123,2016,NA,UNWTO
123,2017,NA,UNWTO
123,2018,NA,UNWTO
123,2019,NA,UNWTO
123,2020,NA,UNWTO
123,2021,gapfilled,nearby year
124,1995,NA,UNWTO
124,1996,NA,UNWTO
124,1997,NA,UNWTO
124,1998,NA,UNWTO
124,1999,NA,UNWTO
124,2000,NA,UNWTO
124,2001,NA,UNWTO
124,2002,NA,UNWTO
124,2003,NA,UNWTO
124,2004,NA,UNWTO
124,2005,NA,UNWTO
124,2006,NA,UNWTO
124,2007,NA,UNWTO
124,2008,NA,UNWTO
124,2009,NA,UNWTO
124,2010,NA,UNWTO
124,2011,NA,UNWTO
124,2012,NA,UNWTO
124,2013,NA,UNWTO
124,2014,NA,UNWTO
124,2015,NA,UNWTO
124,2016,NA,UNWTO
124,2017,NA,UNWTO
124,2018,NA,UNWTO
124,2019,NA,UNWTO
124,2020,NA,UNWTO
124,2021,gapfilled,nearby year
125,1995,NA,UNWTO
125,1996,NA,UNWTO
125,1997,NA,UNWTO
125,1998,NA,UNWTO
125,1999,NA,UNWTO
125,2000,NA,UNWTO
125,2001,NA,UNWTO
125,2002,NA,UNWTO
125,2003,NA,UNWTO
125,2004,NA,UNWTO
125,2005,NA,UNWTO
125,2006,NA,UNWTO
125,2007,NA,UNWTO
125,2008,NA,UNWTO
125,2009,NA,UNWTO
125,2010,NA,UNWTO
125,2011,NA,UNWTO
125,2012,NA,UNWTO
125,2013,NA,UNWTO
125,2014,NA,UNWTO
125,2015,NA,UNWTO
125,2016,NA,UNWTO
125,2017,NA,UNWTO
125,2018,NA,UNWTO
125,2019,NA,UNWTO
125,2020,NA,UNWTO
125,2021,gapfilled,nearby year
126,1995,NA,UNWTO
126,1996,NA,UNWTO
126,1997,NA,UNWTO
126,1998,NA,UNWTO
126,1999,NA,UNWTO
126,2000,NA,UNWTO
126,2001,NA,UNWTO
126,2002,NA,UNWTO
126,2003,NA,UNWTO
126,2004,NA,UNWTO
126,2005,NA,UNWTO
126,2006,NA,UNWTO
126,2007,NA,UNWTO
126,2008,NA,UNWTO
126,2009,NA,UNWTO
126,2010,NA,UNWTO
126,2011,NA,UNWTO
126,2012,NA,UNWTO
126,2013,NA,UNWTO
126,2014,NA,UNWTO
126,2015,NA,UNWTO
126,2016,NA,UNWTO
126,2017,NA,UNWTO
126,2018,NA,UNWTO
126,2019,NA,UNWTO
126,2020,NA,UNWTO
126,2021,NA,UNWTO
127,1995,NA,UNWTO
127,1996,NA,UNWTO
127,1997,NA,UNWTO
127,1998,NA,UNWTO
127,1999,NA,UNWTO
127,2000,NA,UNWTO
127,2001,NA,UNWTO
127,2002,NA,UNWTO
127,2003,NA,UNWTO
127,2004,NA,UNWTO
127,2005,NA,UNWTO
127,2006,NA,UNWTO
127,2007,NA,UNWTO
127,2008,NA,UNWTO
127,2009,NA,UNWTO
127,2010,NA,UNWTO
127,2011,NA,UNWTO
127,2012,NA,UNWTO
127,2013,NA,UNWTO
127,2014,NA,UNWTO
127,2015,NA,UNWTO
127,2016,NA,UNWTO
127,2017,NA,UNWTO
127,2018,NA,UNWTO
127,2019,NA,UNWTO
127,2020,NA,UNWTO
127,2021,NA,UNWTO
129,1995,NA,UNWTO
129,1996,NA,UNWTO
129,1997,NA,UNWTO
129,1998,NA,UNWTO
129,1999,NA,UNWTO
129,2000,NA,UNWTO
129,2001,NA,UNWTO
129,2002,NA,UNWTO
129,2003,NA,UNWTO
129,2004,NA,UNWTO
129,2005,NA,UNWTO
129,2006,NA,UNWTO
129,2007,NA,UNWTO
129,2008,NA,UNWTO
129,2009,NA,UNWTO
129,2010,NA,UNWTO
129,2011,NA,UNWTO
129,2012,NA,UNWTO
129,2013,NA,UNWTO
129,2014,NA,UNWTO
129,2015,NA,UNWTO
129,2016,NA,UNWTO
129,2017,NA,UNWTO
129,2018,NA,UNWTO
129,2019,NA,UNWTO
129,2020,NA,UNWTO
129,2021,NA,UNWTO
130,1995,NA,UNWTO
130,1996,NA,UNWTO
130,1997,NA,UNWTO
130,1998,NA,UNWTO
130,1999,NA,UNWTO
130,2000,NA,UNWTO
130,2001,NA,UNWTO
130,2002,NA,UNWTO
130,2003,NA,UNWTO
130,2004,NA,UNWTO
130,2005,NA,UNWTO
130,2006,NA,UNWTO
130,2007,NA,UNWTO
130,2008,NA,UNWTO
130,2009,NA,UNWTO
130,2010,NA,UNWTO
130,2011,NA,UNWTO
130,2012,NA,UNWTO
130,2013,NA,UNWTO
130,2014,NA,UNWTO
130,2015,NA,UNWTO
130,2016,NA,UNWTO
130,2017,NA,UNWTO
130,2018,NA,UNWTO
130,2019,NA,UNWTO
130,2020,NA,UNWTO
130,2021,NA,UNWTO
131,1995,NA,UNWTO
131,1996,NA,UNWTO
131,1997,NA,UNWTO
131,1998,NA,UNWTO
131,1999,NA,UNWTO
131,2000,NA,UNWTO
131,2001,NA,UNWTO
131,2002,NA,UNWTO
131,2003,NA,UNWTO
131,2004,NA,UNWTO
131,2005,NA,UNWTO
131,2006,NA,UNWTO
131,2007,NA,UNWTO
131,2008,NA,UNWTO
131,2009,NA,UNWTO
131,2010,NA,UNWTO
131,2011,NA,UNWTO
131,2012,NA,UNWTO
131,2013,NA,UNWTO
131,2014,NA,UNWTO
131,2015,NA,UNWTO
131,2016,NA,UNWTO
131,2017,NA,UNWTO
131,2018,NA,UNWTO
131,2019,NA,UNWTO
131,2020,NA,UNWTO
131,2021,NA,UNWTO
132,1995,NA,UNWTO
132,1996,NA,UNWTO
132,1997,NA,UNWTO
132,1998,NA,UNWTO
132,1999,NA,UNWTO
132,2000,NA,UNWTO
132,2001,NA,UNWTO
132,2002,NA,UNWTO
132,2003,NA,UNWTO
132,2004,NA,UNWTO
132,2005,NA,UNWTO
132,2006,NA,UNWTO
132,2007,NA,UNWTO
132,2008,NA,UNWTO
132,2009,NA,UNWTO
132,2010,NA,UNWTO
132,2011,NA,UNWTO
132,2012,NA,UNWTO
132,2013,NA,UNWTO
132,2014,NA,UNWTO
132,2015,NA,UNWTO
132,2016,NA,UNWTO
132,2017,NA,UNWTO
132,2018,NA,UNWTO
132,2019,NA,UNWTO
132,2020,NA,UNWTO
132,2021,NA,UNWTO
133,1995,NA,UNWTO
133,1996,NA,UNWTO
133,1997,NA,UNWTO
133,1998,NA,UNWTO
133,1999,NA,UNWTO
133,2000,NA,UNWTO
133,2001,NA,UNWTO
133,2002,NA,UNWTO
133,2003,NA,UNWTO
133,2004,NA,UNWTO
133,2005,NA,UNWTO
133,2006,NA,UNWTO
133,2007,NA,UNWTO
133,2008,NA,UNWTO
133,2009,NA,UNWTO
133,2010,NA,UNWTO
133,2011,NA,UNWTO
133,2012,NA,UNWTO
133,2013,NA,UNWTO
133,2014,NA,UNWTO
133,2015,NA,UNWTO
133,2016,NA,UNWTO
133,2017,NA,UNWTO
133,2018,NA,UNWTO
133,2019,NA,UNWTO
133,2020,NA,UNWTO
133,2021,NA,UNWTO
134,1995,NA,UNWTO
134,1996,NA,UNWTO
134,1997,NA,UNWTO
134,1998,NA,UNWTO
134,1999,NA,UNWTO
134,2000,NA,UNWTO
134,2001,NA,UNWTO
134,2002,NA,UNWTO
134,2003,NA,UNWTO
134,2004,NA,UNWTO
134,2005,NA,UNWTO
134,2006,NA,UNWTO
134,2007,NA,UNWTO
134,2008,NA,UNWTO
134,2009,NA,UNWTO
134,2010,NA,UNWTO
134,2011,NA,UNWTO
134,2012,NA,UNWTO
134,2013,NA,UNWTO
134,2014,NA,UNWTO
134,2015,NA,UNWTO
134,2016,NA,UNWTO
134,2017,NA,UNWTO
134,2018,NA,UNWTO
134,2019,NA,UNWTO
134,2020,NA,UNWTO
134,2021,NA,UNWTO
135,1995,NA,UNWTO
135,1996,NA,UNWTO
135,1997,NA,UNWTO
135,1998,NA,UNWTO
135,1999,NA,UNWTO
135,2000,NA,UNWTO
135,2001,NA,UNWTO
135,2002,NA,UNWTO
135,2003,NA,UNWTO
135,2004,NA,UNWTO
135,2005,NA,UNWTO
135,2006,NA,UNWTO
135,2007,NA,UNWTO
135,2008,NA,UNWTO
135,2009,NA,UNWTO
135,2010,NA,UNWTO
135,2011,NA,UNWTO
135,2012,NA,UNWTO
135,2013,NA,UNWTO
135,2014,NA,UNWTO
135,2015,NA,UNWTO
135,2016,NA,UNWTO
135,2017,NA,UNWTO
135,2018,NA,UNWTO
135,2019,NA,UNWTO
135,2020,NA,UNWTO
135,2021,gapfilled,nearby year
136,1995,NA,UNWTO
136,1996,NA,UNWTO
136,1997,NA,UNWTO
136,1998,NA,UNWTO
136,1999,NA,UNWTO
136,2000,NA,UNWTO
136,2001,NA,UNWTO
136,2002,NA,UNWTO
136,2003,NA,UNWTO
136,2004,NA,UNWTO
136,2005,NA,UNWTO
136,2006,NA,UNWTO
136,2007,NA,UNWTO
136,2008,NA,UNWTO
136,2009,NA,UNWTO
136,2010,NA,UNWTO
136,2011,NA,UNWTO
136,2012,NA,UNWTO
136,2013,NA,UNWTO
136,2014,NA,UNWTO
136,2015,NA,UNWTO
136,2016,NA,UNWTO
136,2017,NA,UNWTO
136,2018,NA,UNWTO
136,2019,NA,UNWTO
136,2020,NA,UNWTO
136,2021,NA,UNWTO
137,1995,NA,UNWTO
137,1996,NA,UNWTO
137,1997,NA,UNWTO
137,1998,NA,UNWTO
137,1999,NA,UNWTO
137,2000,NA,UNWTO
137,2001,NA,UNWTO
137,2002,NA,UNWTO
137,2003,NA,UNWTO
137,2004,NA,UNWTO
137,2005,NA,UNWTO
137,2006,NA,UNWTO
137,2007,NA,UNWTO
137,2008,NA,UNWTO
137,2009,NA,UNWTO
137,2010,NA,UNWTO
137,2011,NA,UNWTO
137,2012,NA,UNWTO
137,2013,NA,UNWTO
137,2014,NA,UNWTO
137,2015,NA,UNWTO
137,2016,NA,UNWTO
137,2017,NA,UNWTO
137,2018,NA,UNWTO
137,2019,NA,UNWTO
137,2020,NA,UNWTO
137,2021,gapfilled,nearby year
138,1995,NA,UNWTO
138,1996,NA,UNWTO
138,1997,NA,UNWTO
138,1998,NA,UNWTO
138,1999,NA,UNWTO
138,2000,NA,UNWTO
138,2001,NA,UNWTO
138,2002,NA,UNWTO
138,2003,NA,UNWTO
138,2004,NA,UNWTO
138,2005,NA,UNWTO
138,2006,NA,UNWTO
138,2007,NA,UNWTO
138,2008,NA,UNWTO
138,2009,NA,UNWTO
138,2010,NA,UNWTO
138,2011,NA,UNWTO
138,2012,NA,UNWTO
138,2013,NA,UNWTO
138,2014,NA,UNWTO
138,2015,NA,UNWTO
138,2016,NA,UNWTO
138,2017,NA,UNWTO
138,2018,NA,UNWTO
138,2019,NA,UNWTO
138,2020,NA,UNWTO
138,2021,NA,UNWTO
139,1995,NA,UNWTO
139,1996,NA,UNWTO
139,1997,NA,UNWTO
139,1998,NA,UNWTO
139,1999,NA,UNWTO
139,2000,NA,UNWTO
139,2001,NA,UNWTO
139,2002,NA,UNWTO
139,2003,NA,UNWTO
139,2004,NA,UNWTO
139,2005,NA,UNWTO
139,2006,NA,UNWTO
139,2007,NA,UNWTO
139,2008,NA,UNWTO
139,2009,NA,UNWTO
139,2010,NA,UNWTO
139,2011,NA,UNWTO
139,2012,NA,UNWTO
139,2013,NA,UNWTO
139,2014,NA,UNWTO
139,2015,NA,UNWTO
139,2016,NA,UNWTO
139,2017,NA,UNWTO
139,2018,gapfilled,nearby year
139,2019,gapfilled,nearby year
139,2020,gapfilled,nearby year
139,2021,gapfilled,nearby year
140,1995,NA,UNWTO
140,1996,NA,UNWTO
140,1997,NA,UNWTO
140,1998,NA,UNWTO
140,1999,NA,UNWTO
140,2000,NA,UNWTO
140,2001,NA,UNWTO
140,2002,NA,UNWTO
140,2003,NA,UNWTO
140,2004,NA,UNWTO
140,2005,NA,UNWTO
140,2006,NA,UNWTO
140,2007,NA,UNWTO
140,2008,NA,UNWTO
140,2009,NA,UNWTO
140,2010,NA,UNWTO
140,2011,NA,UNWTO
140,2012,NA,UNWTO
140,2013,NA,UNWTO
140,2014,NA,UNWTO
140,2015,NA,UNWTO
140,2016,NA,UNWTO
140,2017,NA,UNWTO
140,2018,NA,UNWTO
140,2019,NA,UNWTO
140,2020,NA,UNWTO
140,2021,NA,UNWTO
143,1995,NA,UNWTO
143,1996,NA,UNWTO
143,1997,NA,UNWTO
143,1998,NA,UNWTO
143,1999,NA,UNWTO
143,2000,NA,UNWTO
143,2001,NA,UNWTO
143,2002,NA,UNWTO
143,2003,NA,UNWTO
143,2004,NA,UNWTO
143,2005,NA,UNWTO
143,2006,NA,UNWTO
143,2007,NA,UNWTO
143,2008,NA,UNWTO
143,2009,NA,UNWTO
143,2010,NA,UNWTO
143,2011,NA,UNWTO
143,2012,NA,UNWTO
143,2013,NA,UNWTO
143,2014,NA,UNWTO
143,2015,NA,UNWTO
143,2016,NA,UNWTO
143,2017,NA,UNWTO
143,2018,NA,UNWTO
143,2019,NA,UNWTO
143,2020,NA,UNWTO
143,2021,NA,UNWTO
147,1995,NA,UNWTO
147,1996,NA,UNWTO
147,1997,NA,UNWTO
147,1998,NA,UNWTO
147,1999,NA,UNWTO
147,2000,NA,UNWTO
147,2001,NA,UNWTO
147,2002,NA,UNWTO
147,2003,NA,UNWTO
147,2004,NA,UNWTO
147,2005,NA,UNWTO
147,2006,NA,UNWTO
147,2007,NA,UNWTO
147,2008,NA,UNWTO
147,2009,NA,UNWTO
147,2010,NA,UNWTO
147,2011,NA,UNWTO
147,2012,NA,UNWTO
147,2013,NA,UNWTO
147,2014,NA,UNWTO
147,2015,NA,UNWTO
147,2016,NA,UNWTO
147,2017,NA,UNWTO
147,2018,NA,UNWTO
147,2019,NA,UNWTO
147,2020,NA,UNWTO
147,2021,NA,UNWTO
151,1995,NA,UNWTO
151,1996,NA,UNWTO
151,1997,NA,UNWTO
151,1998,NA,UNWTO
151,1999,NA,UNWTO
151,2000,NA,UNWTO
151,2001,NA,UNWTO
151,2002,gapfilled,nearby year
151,2003,gapfilled,nearby year
151,2004,gapfilled,nearby year
151,2005,NA,UNWTO
151,2006,NA,UNWTO
151,2007,NA,UNWTO
151,2008,NA,UNWTO
151,2009,NA,UNWTO
151,2010,NA,UNWTO
151,2011,NA,UNWTO
151,2012,NA,UNWTO
151,2013,NA,UNWTO
151,2014,NA,UNWTO
151,2015,NA,UNWTO
151,2016,NA,UNWTO
151,2017,NA,UNWTO
151,2018,NA,UNWTO
151,2019,NA,UNWTO
151,2020,NA,UNWTO
151,2021,gapfilled,nearby year
152,1995,NA,UNWTO
152,1996,NA,UNWTO
152,1997,NA,UNWTO
152,1998,NA,UNWTO
152,1999,NA,UNWTO
152,2000,NA,UNWTO
152,2001,NA,UNWTO
152,2002,NA,UNWTO
152,2003,NA,UNWTO
152,2004,NA,UNWTO
152,2005,NA,UNWTO
152,2006,NA,UNWTO
152,2007,NA,UNWTO
152,2008,NA,UNWTO
152,2009,NA,UNWTO
152,2010,NA,UNWTO
152,2011,NA,UNWTO
152,2012,NA,UNWTO
152,2013,NA,UNWTO
152,2014,NA,UNWTO
152,2015,NA,UNWTO
152,2016,NA,UNWTO
152,2017,NA,UNWTO
152,2018,NA,UNWTO
152,2019,NA,UNWTO
152,2020,NA,UNWTO
152,2021,NA,UNWTO
153,1995,NA,UNWTO
153,1996,NA,UNWTO
153,1997,NA,UNWTO
153,1998,NA,UNWTO
153,1999,NA,UNWTO
153,2000,NA,UNWTO
153,2001,NA,UNWTO
153,2002,NA,UNWTO
153,2003,NA,UNWTO
153,2004,NA,UNWTO
153,2005,NA,UNWTO
153,2006,NA,UNWTO
153,2007,NA,UNWTO
153,2008,NA,UNWTO
153,2009,NA,UNWTO
153,2010,NA,UNWTO
153,2011,NA,UNWTO
153,2012,NA,UNWTO
153,2013,NA,UNWTO
153,2014,NA,UNWTO
153,2015,NA,UNWTO
153,2016,NA,UNWTO
153,2017,NA,UNWTO
153,2018,NA,UNWTO
153,2019,NA,UNWTO
153,2020,NA,UNWTO
153,2021,NA,UNWTO
154,1995,NA,UNWTO
154,1996,NA,UNWTO
154,1997,NA,UNWTO
154,1998,NA,UNWTO
154,1999,NA,UNWTO
154,2000,NA,UNWTO
154,2001,NA,UNWTO
154,2002,NA,UNWTO
154,2003,NA,UNWTO
154,2004,NA,UNWTO
154,2005,NA,UNWTO
154,2006,NA,UNWTO
154,2007,NA,UNWTO
154,2008,NA,UNWTO
154,2009,NA,UNWTO
154,2010,NA,UNWTO
154,2011,NA,UNWTO
154,2012,NA,UNWTO
154,2013,NA,UNWTO
154,2014,NA,UNWTO
154,2015,NA,UNWTO
154,2016,NA,UNWTO
154,2017,NA,UNWTO
154,2018,NA,UNWTO
154,2019,NA,UNWTO
154,2020,NA,UNWTO
154,2021,gapfilled,nearby year
155,1995,NA,UNWTO
155,1996,NA,UNWTO
155,1997,NA,UNWTO
155,1998,NA,UNWTO
155,1999,NA,UNWTO
155,2000,NA,UNWTO
155,2001,NA,UNWTO
155,2002,NA,UNWTO
155,2003,NA,UNWTO
155,2004,NA,UNWTO
155,2005,NA,UNWTO
155,2006,NA,UNWTO
155,2007,NA,UNWTO
155,2008,NA,UNWTO
155,2009,NA,UNWTO
155,2010,NA,UNWTO
155,2011,NA,UNWTO
155,2012,NA,UNWTO
155,2013,NA,UNWTO
155,2014,NA,UNWTO
155,2015,NA,UNWTO
155,2016,NA,UNWTO
155,2017,NA,UNWTO
155,2018,NA,UNWTO
155,2019,NA,UNWTO
155,2020,NA,UNWTO
155,2021,NA,UNWTO
162,1995,NA,UNWTO
162,1996,NA,UNWTO
162,1997,NA,UNWTO
162,1998,NA,UNWTO
162,1999,NA,UNWTO
162,2000,NA,UNWTO
162,2001,NA,UNWTO
162,2002,NA,UNWTO
162,2003,NA,UNWTO
162,2004,NA,UNWTO
162,2005,NA,UNWTO
162,2006,NA,UNWTO
162,2007,NA,UNWTO
162,2008,NA,UNWTO
162,2009,NA,UNWTO
162,2010,NA,UNWTO
162,2011,NA,UNWTO
162,2012,NA,UNWTO
162,2013,NA,UNWTO
162,2014,NA,UNWTO
162,2015,NA,UNWTO
162,2016,NA,UNWTO
162,2017,NA,UNWTO
162,2018,NA,UNWTO
162,2019,NA,UNWTO
162,2020,NA,UNWTO
162,2021,NA,UNWTO
163,1995,NA,UNWTO
163,1996,NA,UNWTO
163,1997,NA,UNWTO
163,1998,NA,UNWTO
163,1999,NA,UNWTO
163,2000,NA,UNWTO
163,2001,NA,UNWTO
163,2002,NA,UNWTO
163,2003,NA,UNWTO
163,2004,NA,UNWTO
163,2005,NA,UNWTO
163,2006,NA,UNWTO
163,2007,NA,UNWTO
163,2008,NA,UNWTO
163,2009,NA,UNWTO
163,2010,NA,UNWTO
163,2011,NA,UNWTO
163,2012,NA,UNWTO
163,2013,NA,UNWTO
163,2014,NA,UNWTO
163,2015,NA,UNWTO
163,2016,NA,UNWTO
163,2017,NA,UNWTO
163,2018,NA,UNWTO
163,2019,NA,UNWTO
163,2020,NA,UNWTO
163,2021,NA,UNWTO
164,1995,NA,UNWTO
164,1996,NA,UNWTO
164,1997,NA,UNWTO
164,1998,NA,UNWTO
164,1999,NA,UNWTO
164,2000,NA,UNWTO
164,2001,NA,UNWTO
164,2002,NA,UNWTO
164,2003,NA,UNWTO
164,2004,NA,UNWTO
164,2005,NA,UNWTO
164,2006,NA,UNWTO
164,2007,NA,UNWTO
164,2008,NA,UNWTO
164,2009,NA,UNWTO
164,2010,NA,UNWTO
164,2011,NA,UNWTO
164,2012,NA,UNWTO
164,2013,NA,UNWTO
164,2014,NA,UNWTO
164,2015,NA,UNWTO
164,2016,NA,UNWTO
164,2017,NA,UNWTO
164,2018,NA,UNWTO
164,2019,NA,UNWTO
164,2020,NA,UNWTO
164,2021,NA,UNWTO
166,1995,NA,UNWTO
166,1996,NA,UNWTO
166,1997,NA,UNWTO
166,1998,NA,UNWTO
166,1999,NA,UNWTO
166,2000,NA,UNWTO
166,2001,NA,UNWTO
166,2002,NA,UNWTO
166,2003,NA,UNWTO
166,2004,NA,UNWTO
166,2005,NA,UNWTO
166,2006,NA,UNWTO
166,2007,NA,UNWTO
166,2008,NA,UNWTO
166,2009,NA,UNWTO
166,2010,NA,UNWTO
166,2011,NA,UNWTO
166,2012,NA,UNWTO
166,2013,NA,UNWTO
166,2014,NA,UNWTO
166,2015,NA,UNWTO
166,2016,NA,UNWTO
166,2017,NA,UNWTO
166,2018,NA,UNWTO
166,2019,NA,UNWTO
166,2020,NA,UNWTO
166,2021,NA,UNWTO
167,1995,NA,UNWTO
167,1996,NA,UNWTO
167,1997,NA,UNWTO
167,1998,NA,UNWTO
167,1999,NA,UNWTO
167,2000,NA,UNWTO
167,2001,NA,UNWTO
167,2002,NA,UNWTO
167,2003,NA,UNWTO
167,2004,NA,UNWTO
167,2005,NA,UNWTO
167,2006,NA,UNWTO
167,2007,NA,UNWTO
167,2008,NA,UNWTO
167,2009,NA,UNWTO
167,2010,NA,UNWTO
167,2011,NA,UNWTO
167,2012,NA,UNWTO
167,2013,NA,UNWTO
167,2014,NA,UNWTO
167,2015,NA,UNWTO
167,2016,NA,UNWTO
167,2017,NA,UNWTO
167,2018,NA,UNWTO
167,2019,NA,UNWTO
167,2020,NA,UNWTO
167,2021,gapfilled,nearby year
168,1995,NA,UNWTO
168,1996,NA,UNWTO
168,1997,NA,UNWTO
168,1998,NA,UNWTO
168,1999,NA,UNWTO
168,2000,NA,UNWTO
168,2001,NA,UNWTO
168,2002,NA,UNWTO
168,2003,NA,UNWTO
168,2004,NA,UNWTO
168,2005,NA,UNWTO
168,2006,NA,UNWTO
168,2007,NA,UNWTO
168,2008,NA,UNWTO
168,2009,NA,UNWTO
168,2010,NA,UNWTO
168,2011,NA,UNWTO
168,2012,NA,UNWTO
168,2013,NA,UNWTO
168,2014,NA,UNWTO
168,2015,NA,UNWTO
168,2016,NA,UNWTO
168,2017,NA,UNWTO
168,2018,gapfilled,nearby year
168,2019,gapfilled,nearby year
168,2020,gapfilled,nearby year
168,2021,gapfilled,nearby year
169,1995,gapfilled,nearby year
169,1996,gapfilled,nearby year
169,1997,gapfilled,nearby year
169,1998,NA,UNWTO
169,1999,NA,UNWTO
169,2000,gapfilled,nearby year
169,2001,NA,UNWTO
169,2002,NA,UNWTO
169,2003,gapfilled,nearby year
169,2004,gapfilled,nearby year
169,2005,NA,UNWTO
169,2006,gapfilled,nearby year
169,2007,NA,UNWTO
169,2008,gapfilled,nearby year
169,2009,NA,UNWTO
169,2010,gapfilled,nearby year
169,2011,gapfilled,nearby year
169,2012,gapfilled,nearby year
169,2013,gapfilled,nearby year
169,2014,gapfilled,nearby year
169,2015,NA,UNWTO
169,2016,NA,UNWTO
169,2017,NA,UNWTO
169,2018,gapfilled,nearby year
169,2019,gapfilled,nearby year
169,2020,gapfilled,nearby year
169,2021,gapfilled,nearby year
171,1995,NA,UNWTO
171,1996,NA,UNWTO
171,1997,NA,UNWTO
171,1998,NA,UNWTO
171,1999,NA,UNWTO
171,2000,NA,UNWTO
171,2001,NA,UNWTO
171,2002,NA,UNWTO
171,2003,NA,UNWTO
171,2004,NA,UNWTO
171,2005,NA,UNWTO
171,2006,NA,UNWTO
171,2007,NA,UNWTO
171,2008,NA,UNWTO
171,2009,NA,UNWTO
171,2010,NA,UNWTO
171,2011,NA,UNWTO
171,2012,NA,UNWTO
171,2013,NA,UNWTO
171,2014,NA,UNWTO
171,2015,NA,UNWTO
171,2016,NA,UNWTO
171,2017,NA,UNWTO
171,2018,NA,UNWTO
171,2019,NA,UNWTO
171,2020,NA,UNWTO
171,2021,gapfilled,nearby year
172,1995,NA,UNWTO
172,1996,NA,UNWTO
172,1997,NA,UNWTO
172,1998,NA,UNWTO
172,1999,NA,UNWTO
172,2000,NA,UNWTO
172,2001,NA,UNWTO
172,2002,NA,UNWTO
172,2003,NA,UNWTO
172,2004,NA,UNWTO
172,2005,NA,UNWTO
172,2006,NA,UNWTO
172,2007,NA,UNWTO
172,2008,NA,UNWTO
172,2009,NA,UNWTO
172,2010,NA,UNWTO
172,2011,NA,UNWTO
172,2012,NA,UNWTO
172,2013,NA,UNWTO
172,2014,NA,UNWTO
172,2015,NA,UNWTO
172,2016,NA,UNWTO
172,2017,NA,UNWTO
172,2018,NA,UNWTO
172,2019,NA,UNWTO
172,2020,NA,UNWTO
172,2021,NA,UNWTO
173,1995,NA,UNWTO
173,1996,NA,UNWTO
173,1997,NA,UNWTO
173,1998,NA,UNWTO
173,1999,NA,UNWTO
173,2000,NA,UNWTO
173,2001,NA,UNWTO
173,2002,NA,UNWTO
173,2003,NA,UNWTO
173,2004,NA,UNWTO
173,2005,NA,UNWTO
173,2006,NA,UNWTO
173,2007,NA,UNWTO
173,2008,NA,UNWTO
173,2009,NA,UNWTO
173,2010,NA,UNWTO
173,2011,NA,UNWTO
173,2012,NA,UNWTO
173,2013,NA,UNWTO
173,2014,NA,UNWTO
173,2015,NA,UNWTO
173,2016,NA,UNWTO
173,2017,NA,UNWTO
173,2018,NA,UNWTO
173,2019,NA,UNWTO
173,2020,gapfilled,nearby year
173,2021,gapfilled,nearby year
174,1995,NA,UNWTO
174,1996,NA,UNWTO
174,1997,NA,UNWTO
174,1998,NA,UNWTO
174,1999,NA,UNWTO
174,2000,NA,UNWTO
174,2001,NA,UNWTO
174,2002,NA,UNWTO
174,2003,NA,UNWTO
174,2004,NA,UNWTO
174,2005,NA,UNWTO
174,2006,NA,UNWTO
174,2007,NA,UNWTO
174,2008,NA,UNWTO
174,2009,NA,UNWTO
174,2010,NA,UNWTO
174,2011,NA,UNWTO
174,2012,NA,UNWTO
174,2013,NA,UNWTO
174,2014,NA,UNWTO
174,2015,NA,UNWTO
174,2016,NA,UNWTO
174,2017,NA,UNWTO
174,2018,NA,UNWTO
174,2019,NA,UNWTO
174,2020,NA,UNWTO
174,2021,NA,UNWTO
175,1995,gapfilled,nearby year
175,1996,NA,UNWTO
175,1997,NA,UNWTO
175,1998,NA,UNWTO
175,1999,NA,UNWTO
175,2000,NA,UNWTO
175,2001,NA,UNWTO
175,2002,NA,UNWTO
175,2003,NA,UNWTO
175,2004,NA,UNWTO
175,2005,NA,UNWTO
175,2006,NA,UNWTO
175,2007,NA,UNWTO
175,2008,NA,UNWTO
175,2009,NA,UNWTO
175,2010,NA,UNWTO
175,2011,NA,UNWTO
175,2012,NA,UNWTO
175,2013,NA,UNWTO
175,2014,NA,UNWTO
175,2015,NA,UNWTO
175,2016,NA,UNWTO
175,2017,NA,UNWTO
175,2018,NA,UNWTO
175,2019,NA,UNWTO
175,2020,NA,UNWTO
175,2021,NA,UNWTO
176,1995,NA,UNWTO
176,1996,NA,UNWTO
176,1997,NA,UNWTO
176,1998,NA,UNWTO
176,1999,NA,UNWTO
176,2000,NA,UNWTO
176,2001,NA,UNWTO
176,2002,NA,UNWTO
176,2003,NA,UNWTO
176,2004,NA,UNWTO
176,2005,NA,UNWTO
176,2006,NA,UNWTO
176,2007,NA,UNWTO
176,2008,NA,UNWTO
176,2009,NA,UNWTO
176,2010,NA,UNWTO
176,2011,NA,UNWTO
176,2012,NA,UNWTO
176,2013,NA,UNWTO
176,2014,NA,UNWTO
176,2015,NA,UNWTO
176,2016,NA,UNWTO
176,2017,NA,UNWTO
176,2018,NA,UNWTO
176,2019,NA,UNWTO
176,2020,NA,UNWTO
176,2021,NA,UNWTO
177,1995,NA,UNWTO
177,1996,NA,UNWTO
177,1997,NA,UNWTO
177,1998,NA,UNWTO
177,1999,NA,UNWTO
177,2000,NA,UNWTO
177,2001,NA,UNWTO
177,2002,NA,UNWTO
177,2003,NA,UNWTO
177,2004,NA,UNWTO
177,2005,NA,UNWTO
177,2006,NA,UNWTO
177,2007,NA,UNWTO
177,2008,NA,UNWTO
177,2009,NA,UNWTO
177,2010,NA,UNWTO
177,2011,NA,UNWTO
177,2012,NA,UNWTO
177,2013,NA,UNWTO
177,2014,NA,UNWTO
177,2015,NA,UNWTO
177,2016,NA,UNWTO
177,2017,NA,UNWTO
177,2018,NA,UNWTO
177,2019,NA,UNWTO
177,2020,NA,UNWTO
177,2021,gapfilled,nearby year
178,1995,NA,UNWTO
178,1996,NA,UNWTO
178,1997,NA,UNWTO
178,1998,NA,UNWTO
178,1999,NA,UNWTO
178,2000,NA,UNWTO
178,2001,NA,UNWTO
178,2002,NA,UNWTO
178,2003,NA,UNWTO
178,2004,NA,UNWTO
178,2005,NA,UNWTO
178,2006,NA,UNWTO
178,2007,NA,UNWTO
178,2008,NA,UNWTO
178,2009,NA,UNWTO
178,2010,NA,UNWTO
178,2011,NA,UNWTO
178,2012,NA,UNWTO
178,2013,NA,UNWTO
178,2014,NA,UNWTO
178,2015,NA,UNWTO
178,2016,NA,UNWTO
178,2017,NA,UNWTO
178,2018,NA,UNWTO
178,2019,NA,UNWTO
178,2020,NA,UNWTO
178,2021,gapfilled,nearby year
179,1995,NA,UNWTO
179,1996,NA,UNWTO
179,1997,NA,UNWTO
179,1998,NA,UNWTO
179,1999,NA,UNWTO
179,2000,NA,UNWTO
179,2001,NA,UNWTO
179,2002,NA,UNWTO
179,2003,NA,UNWTO
179,2004,NA,UNWTO
179,2005,NA,UNWTO
179,2006,NA,UNWTO
179,2007,NA,UNWTO
179,2008,NA,UNWTO
179,2009,NA,UNWTO
179,2010,NA,UNWTO
179,2011,NA,UNWTO
179,2012,NA,UNWTO
179,2013,NA,UNWTO
179,2014,NA,UNWTO
179,2015,NA,UNWTO
179,2016,NA,UNWTO
179,2017,NA,UNWTO
179,2018,NA,UNWTO
179,2019,NA,UNWTO
179,2020,NA,UNWTO
179,2021,gapfilled,nearby year
180,1995,NA,UNWTO
180,1996,NA,UNWTO
180,1997,NA,UNWTO
180,1998,NA,UNWTO
180,1999,NA,UNWTO
180,2000,NA,UNWTO
180,2001,NA,UNWTO
180,2002,NA,UNWTO
180,2003,NA,UNWTO
180,2004,NA,UNWTO
180,2005,NA,UNWTO
180,2006,NA,UNWTO
180,2007,NA,UNWTO
180,2008,NA,UNWTO
180,2009,NA,UNWTO
180,2010,NA,UNWTO
180,2011,NA,UNWTO
180,2012,NA,UNWTO
180,2013,NA,UNWTO
180,2014,NA,UNWTO
180,2015,NA,UNWTO
180,2016,NA,UNWTO
180,2017,NA,UNWTO
180,2018,NA,UNWTO
180,2019,NA,UNWTO
180,2020,NA,UNWTO
180,2021,gapfilled,nearby year
181,1995,NA,UNWTO
181,1996,NA,UNWTO
181,1997,NA,UNWTO
181,1998,NA,UNWTO
181,1999,NA,UNWTO
181,2000,NA,UNWTO
181,2001,NA,UNWTO
181,2002,NA,UNWTO
181,2003,NA,UNWTO
181,2004,NA,UNWTO
181,2005,NA,UNWTO
181,2006,NA,UNWTO
181,2007,NA,UNWTO
181,2008,NA,UNWTO
181,2009,NA,UNWTO
181,2010,NA,UNWTO
181,2011,NA,UNWTO
181,2012,NA,UNWTO
181,2013,NA,UNWTO
181,2014,NA,UNWTO
181,2015,NA,UNWTO
181,2016,NA,UNWTO
181,2017,NA,UNWTO
181,2018,NA,UNWTO
181,2019,NA,UNWTO
181,2020,gapfilled,nearby year
181,2021,gapfilled,nearby year
182,1995,NA,UNWTO
182,1996,NA,UNWTO
182,1997,NA,UNWTO
182,1998,NA,UNWTO
182,1999,NA,UNWTO
182,2000,NA,UNWTO
182,2001,NA,UNWTO
182,2002,NA,UNWTO
182,2003,NA,UNWTO
182,2004,NA,UNWTO
182,2005,NA,UNWTO
182,2006,NA,UNWTO
182,2007,NA,UNWTO
182,2008,NA,UNWTO
182,2009,NA,UNWTO
182,2010,NA,UNWTO
182,2011,NA,UNWTO
182,2012,NA,UNWTO
182,2013,NA,UNWTO
182,2014,NA,UNWTO
182,2015,NA,UNWTO
182,2016,NA,UNWTO
182,2017,NA,UNWTO
182,2018,NA,UNWTO
182,2019,NA,UNWTO
182,2020,NA,UNWTO
182,2021,NA,UNWTO
183,1995,NA,UNWTO
183,1996,NA,UNWTO
183,1997,NA,UNWTO
183,1998,NA,UNWTO
183,1999,NA,UNWTO
183,2000,NA,UNWTO
183,2001,NA,UNWTO
183,2002,NA,UNWTO
183,2003,NA,UNWTO
183,2004,NA,UNWTO
183,2005,NA,UNWTO
183,2006,NA,UNWTO
183,2007,NA,UNWTO
183,2008,NA,UNWTO
183,2009,NA,UNWTO
183,2010,NA,UNWTO
183,2011,NA,UNWTO
183,2012,NA,UNWTO
183,2013,NA,UNWTO
183,2014,NA,UNWTO
183,2015,NA,UNWTO
183,2016,NA,UNWTO
183,2017,NA,UNWTO
183,2018,NA,UNWTO
183,2019,NA,UNWTO
183,2020,NA,UNWTO
183,2021,NA,UNWTO
184,1995,NA,UNWTO
184,1996,NA,UNWTO
184,1997,NA,UNWTO
184,1998,NA,UNWTO
184,1999,NA,UNWTO
184,2000,NA,UNWTO
184,2001,NA,UNWTO
184,2002,NA,UNWTO
184,2003,NA,UNWTO
184,2004,NA,UNWTO
184,2005,NA,UNWTO
184,2006,NA,UNWTO
184,2007,NA,UNWTO
184,2008,NA,UNWTO
184,2009,NA,UNWTO
184,2010,NA,UNWTO
184,2011,NA,UNWTO
184,2012,NA,UNWTO
184,2013,NA,UNWTO
184,2014,NA,UNWTO
184,2015,NA,UNWTO
184,2016,NA,UNWTO
184,2017,NA,UNWTO
184,2018,NA,UNWTO
184,2019,NA,UNWTO
184,2020,NA,UNWTO
184,2021,NA,UNWTO
185,1995,NA,UNWTO
185,1996,NA,UNWTO
185,1997,NA,UNWTO
185,1998,NA,UNWTO
185,1999,NA,UNWTO
185,2000,NA,UNWTO
185,2001,NA,UNWTO
185,2002,NA,UNWTO
185,2003,NA,UNWTO
185,2004,NA,UNWTO
185,2005,NA,UNWTO
185,2006,NA,UNWTO
185,2007,NA,UNWTO
185,2008,NA,UNWTO
185,2009,NA,UNWTO
185,2010,NA,UNWTO
185,2011,NA,UNWTO
185,2012,NA,UNWTO
185,2013,NA,UNWTO
185,2014,NA,UNWTO
185,2015,NA,UNWTO
185,2016,NA,UNWTO
185,2017,NA,UNWTO
185,2018,NA,UNWTO
185,2019,NA,UNWTO
185,2020,NA,UNWTO
185,2021,NA,UNWTO
186,1995,NA,UNWTO
186,1996,NA,UNWTO
186,1997,NA,UNWTO
186,1998,NA,UNWTO
186,1999,NA,UNWTO
186,2000,NA,UNWTO
186,2001,NA,UNWTO
186,2002,NA,UNWTO
186,2003,NA,UNWTO
186,2004,NA,UNWTO
186,2005,NA,UNWTO
186,2006,NA,UNWTO
186,2007,NA,UNWTO
186,2008,NA,UNWTO
186,2009,NA,UNWTO
186,2010,NA,UNWTO
186,2011,NA,UNWTO
186,2012,NA,UNWTO
186,2013,NA,UNWTO
186,2014,NA,UNWTO
186,2015,NA,UNWTO
186,2016,NA,UNWTO
186,2017,NA,UNWTO
186,2018,NA,UNWTO
186,2019,NA,UNWTO
186,2020,NA,UNWTO
186,2021,gapfilled,nearby year
187,1995,NA,UNWTO
187,1996,NA,UNWTO
187,1997,NA,UNWTO
187,1998,NA,UNWTO
187,1999,NA,UNWTO
187,2000,NA,UNWTO
187,2001,NA,UNWTO
187,2002,NA,UNWTO
187,2003,NA,UNWTO
187,2004,NA,UNWTO
187,2005,NA,UNWTO
187,2006,NA,UNWTO
187,2007,NA,UNWTO
187,2008,NA,UNWTO
187,2009,NA,UNWTO
187,2010,NA,UNWTO
187,2011,NA,UNWTO
187,2012,NA,UNWTO
187,2013,NA,UNWTO
187,2014,NA,UNWTO
187,2015,NA,UNWTO
187,2016,NA,UNWTO
187,2017,NA,UNWTO
187,2018,NA,UNWTO
187,2019,NA,UNWTO
187,2020,NA,UNWTO
187,2021,NA,UNWTO
188,1995,NA,UNWTO
188,1996,NA,UNWTO
188,1997,NA,UNWTO
188,1998,NA,UNWTO
188,1999,NA,UNWTO
188,2000,NA,UNWTO
188,2001,NA,UNWTO
188,2002,NA,UNWTO
188,2003,NA,UNWTO
188,2004,NA,UNWTO
188,2005,NA,UNWTO
188,2006,NA,UNWTO
188,2007,NA,UNWTO
188,2008,NA,UNWTO
188,2009,NA,UNWTO
188,2010,NA,UNWTO
188,2011,NA,UNWTO
188,2012,NA,UNWTO
188,2013,NA,UNWTO
188,2014,NA,UNWTO
188,2015,NA,UNWTO
188,2016,NA,UNWTO
188,2017,NA,UNWTO
188,2018,NA,UNWTO
188,2019,NA,UNWTO
188,2020,NA,UNWTO
188,2021,NA,UNWTO
189,1995,NA,UNWTO
189,1996,NA,UNWTO
189,1997,NA,UNWTO
189,1998,NA,UNWTO
189,1999,NA,UNWTO
189,2000,NA,UNWTO
189,2001,NA,UNWTO
189,2002,NA,UNWTO
189,2003,NA,UNWTO
189,2004,NA,UNWTO
189,2005,NA,UNWTO
189,2006,NA,UNWTO
189,2007,NA,UNWTO
189,2008,NA,UNWTO
189,2009,NA,UNWTO
189,2010,NA,UNWTO
189,2011,NA,UNWTO
189,2012,NA,UNWTO
189,2013,NA,UNWTO
189,2014,NA,UNWTO
189,2015,NA,UNWTO
189,2016,NA,UNWTO
189,2017,NA,UNWTO
189,2018,NA,UNWTO
189,2019,NA,UNWTO
189,2020,NA,UNWTO
189,2021,gapfilled,nearby year
190,1995,NA,UNWTO
190,1996,NA,UNWTO
190,1997,NA,UNWTO
190,1998,NA,UNWTO
190,1999,NA,UNWTO
190,2000,NA,UNWTO
190,2001,NA,UNWTO
190,2002,NA,UNWTO
190,2003,NA,UNWTO
190,2004,NA,UNWTO
190,2005,NA,UNWTO
190,2006,NA,UNWTO
190,2007,NA,UNWTO
190,2008,NA,UNWTO
190,2009,NA,UNWTO
190,2010,NA,UNWTO
190,2011,NA,UNWTO
190,2012,NA,UNWTO
190,2013,NA,UNWTO
190,2014,NA,UNWTO
190,2015,NA,UNWTO
190,2016,NA,UNWTO
190,2017,NA,UNWTO
190,2018,NA,UNWTO
190,2019,NA,UNWTO
190,2020,NA,UNWTO
190,2021,NA,UNWTO
191,1995,NA,UNWTO
191,1996,NA,UNWTO
191,1997,NA,UNWTO
191,1998,NA,UNWTO
191,1999,NA,UNWTO
191,2000,NA,UNWTO
191,2001,NA,UNWTO
191,2002,NA,UNWTO
191,2003,NA,UNWTO
191,2004,NA,UNWTO
191,2005,NA,UNWTO
191,2006,NA,UNWTO
191,2007,NA,UNWTO
191,2008,NA,UNWTO
191,2009,NA,UNWTO
191,2010,NA,UNWTO
191,2011,NA,UNWTO
191,2012,NA,UNWTO
191,2013,NA,UNWTO
191,2014,NA,UNWTO
191,2015,NA,UNWTO
191,2016,NA,UNWTO
191,2017,NA,UNWTO
191,2018,NA,UNWTO
191,2019,NA,UNWTO
191,2020,NA,UNWTO
191,2021,gapfilled,nearby year
192,1995,NA,UNWTO
192,1996,NA,UNWTO
192,1997,NA,UNWTO
192,1998,NA,UNWTO
192,1999,NA,UNWTO
192,2000,NA,UNWTO
192,2001,NA,UNWTO
192,2002,gapfilled,nearby year
192,2003,gapfilled,nearby year
192,2004,gapfilled,nearby year
192,2005,gapfilled,nearby year
192,2006,gapfilled,nearby year
192,2007,gapfilled,nearby year
192,2008,NA,UNWTO
192,2009,NA,UNWTO
192,2010,NA,UNWTO
192,2011,NA,UNWTO
192,2012,NA,UNWTO
192,2013,NA,UNWTO
192,2014,gapfilled,nearby year
192,2015,gapfilled,nearby year
192,2016,gapfilled,nearby year
192,2017,gapfilled,nearby year
192,2018,gapfilled,nearby year
192,2019,gapfilled,nearby year
192,2020,gapfilled,nearby year
192,2021,gapfilled,nearby year
193,1995,gapfilled,nearby year
193,1996,gapfilled,nearby year
193,1997,gapfilled,nearby year
193,1998,gapfilled,nearby year
193,1999,gapfilled,nearby year
193,2000,gapfilled,nearby year
193,2001,NA,UNWTO
193,2002,gapfilled,nearby year
193,2003,gapfilled,nearby year
193,2004,gapfilled,nearby year
193,2005,NA,UNWTO
193,2006,NA,UNWTO
193,2007,NA,UNWTO
193,2008,NA,UNWTO
193,2009,NA,UNWTO
193,2010,NA,UNWTO
193,2011,NA,UNWTO
193,2012,NA,UNWTO
193,2013,NA,UNWTO
193,2014,NA,UNWTO
193,2015,NA,UNWTO
193,2016,NA,UNWTO
193,2017,NA,UNWTO
193,2018,NA,UNWTO
193,2019,NA,UNWTO
193,2020,gapfilled,nearby year
193,2021,gapfilled,nearby year
194,1995,gapfilled,nearby year
194,1996,NA,UNWTO
194,1997,NA,UNWTO
194,1998,NA,UNWTO
194,1999,NA,UNWTO
194,2000,NA,UNWTO
194,2001,NA,UNWTO
194,2002,NA,UNWTO
194,2003,NA,UNWTO
194,2004,NA,UNWTO
194,2005,NA,UNWTO
194,2006,NA,UNWTO
194,2007,NA,UNWTO
194,2008,NA,UNWTO
194,2009,gapfilled,nearby year
194,2010,NA,UNWTO
194,2011,NA,UNWTO
194,2012,NA,UNWTO
194,2013,NA,UNWTO
194,2014,NA,UNWTO
194,2015,NA,UNWTO
194,2016,NA,UNWTO
194,2017,NA,UNWTO
194,2018,gapfilled,nearby year
194,2019,gapfilled,nearby year
194,2020,gapfilled,nearby year
194,2021,gapfilled,nearby year
195,1995,NA,UNWTO
195,1996,NA,UNWTO
195,1997,NA,UNWTO
195,1998,NA,UNWTO
195,1999,gapfilled,nearby year
195,2000,gapfilled,nearby year
195,2001,gapfilled,nearby year
195,2002,gapfilled,nearby year
195,2003,gapfilled,nearby year
195,2004,gapfilled,nearby year
195,2005,gapfilled,nearby year
195,2006,gapfilled,nearby year
195,2007,NA,UNWTO
195,2008,NA,UNWTO
195,2009,NA,UNWTO
195,2010,NA,UNWTO
195,2011,NA,UNWTO
195,2012,NA,UNWTO
195,2013,NA,UNWTO
195,2014,NA,UNWTO
195,2015,NA,UNWTO
195,2016,NA,UNWTO
195,2017,NA,UNWTO
195,2018,NA,UNWTO
195,2019,NA,UNWTO
195,2020,NA,UNWTO
195,2021,gapfilled,nearby year
196,1995,NA,UNWTO
196,1996,NA,UNWTO
196,1997,NA,UNWTO
196,1998,NA,UNWTO
196,1999,NA,UNWTO
196,2000,NA,UNWTO
196,2001,NA,UNWTO
196,2002,NA,UNWTO
196,2003,NA,UNWTO
196,2004,NA,UNWTO
196,2005,NA,UNWTO
196,2006,NA,UNWTO
196,2007,NA,UNWTO
196,2008,NA,UNWTO
196,2009,NA,UNWTO
196,2010,NA,UNWTO
196,2011,NA,UNWTO
196,2012,NA,UNWTO
196,2013,NA,UNWTO
196,2014,NA,UNWTO
196,2015,NA,UNWTO
196,2016,NA,UNWTO
196,2017,NA,UNWTO
196,2018,NA,UNWTO
196,2019,NA,UNWTO
196,2020,NA,UNWTO
196,2021,NA,UNWTO
197,1995,NA,UNWTO
197,1996,NA,UNWTO
197,1997,NA,UNWTO
197,1998,NA,UNWTO
197,1999,NA,UNWTO
197,2000,NA,UNWTO
197,2001,NA,UNWTO
197,2002,NA,UNWTO
197,2003,gapfilled,nearby year
197,2004,NA,UNWTO
197,2005,NA,UNWTO
197,2006,NA,UNWTO
197,2007,NA,UNWTO
197,2008,NA,UNWTO
197,2009,NA,UNWTO
197,2010,NA,UNWTO
197,2011,NA,UNWTO
197,2012,NA,UNWTO
197,2013,NA,UNWTO
197,2014,NA,UNWTO
197,2015,NA,UNWTO
197,2016,NA,UNWTO
197,2017,NA,UNWTO
197,2018,NA,UNWTO
197,2019,NA,UNWTO
197,2020,gapfilled,nearby year
197,2021,gapfilled,nearby year
198,1995,NA,UNWTO
198,1996,NA,UNWTO
198,1997,NA,UNWTO
198,1998,NA,UNWTO
198,1999,NA,UNWTO
198,2000,NA,UNWTO
198,2001,NA,UNWTO
198,2002,NA,UNWTO
198,2003,NA,UNWTO
198,2004,NA,UNWTO
198,2005,NA,UNWTO
198,2006,gapfilled,nearby year
198,2007,gapfilled,nearby year
198,2008,gapfilled,nearby year
198,2009,gapfilled,nearby year
198,2010,gapfilled,nearby year
198,2011,gapfilled,nearby year
198,2012,gapfilled,nearby year
198,2013,gapfilled,nearby year
198,2014,gapfilled,nearby year
198,2015,gapfilled,nearby year
198,2016,gapfilled,nearby year
198,2017,gapfilled,nearby year
198,2018,gapfilled,nearby year
198,2019,gapfilled,nearby year
198,2020,gapfilled,nearby year
198,2021,gapfilled,nearby year
199,1995,NA,UNWTO
199,1996,NA,UNWTO
199,1997,NA,UNWTO
199,1998,NA,UNWTO
199,1999,NA,UNWTO
199,2000,NA,UNWTO
199,2001,NA,UNWTO
199,2002,NA,UNWTO
199,2003,NA,UNWTO
199,2004,NA,UNWTO
199,2005,NA,UNWTO
199,2006,NA,UNWTO
199,2007,NA,UNWTO
199,2008,NA,UNWTO
199,2009,NA,UNWTO
199,2010,NA,UNWTO
199,2011,NA,UNWTO
199,2012,NA,UNWTO
199,2013,NA,UNWTO
199,2014,NA,UNWTO
199,2015,NA,UNWTO
199,2016,NA,UNWTO
199,2017,gapfilled,nearby year
199,2018,gapfilled,nearby year
199,2019,gapfilled,nearby year
199,2020,gapfilled,nearby year
199,2021,gapfilled,nearby year
200,1995,NA,UNWTO
200,1996,NA,UNWTO
200,1997,NA,UNWTO
200,1998,NA,UNWTO
200,1999,NA,UNWTO
200,2000,NA,UNWTO
200,2001,NA,UNWTO
200,2002,NA,UNWTO
200,2003,NA,UNWTO
200,2004,NA,UNWTO
200,2005,NA,UNWTO
200,2006,NA,UNWTO
200,2007,NA,UNWTO
200,2008,NA,UNWTO
200,2009,NA,UNWTO
200,2010,NA,UNWTO
200,2011,NA,UNWTO
200,2012,NA,UNWTO
200,2013,NA,UNWTO
200,2014,NA,UNWTO
200,2015,NA,UNWTO
200,2016,NA,UNWTO
200,2017,NA,UNWTO
200,2018,NA,UNWTO
200,2019,NA,UNWTO
200,2020,NA,UNWTO
200,2021,gapfilled,nearby year
202,1995,NA,UNWTO
202,1996,NA,UNWTO
202,1997,NA,UNWTO
202,1998,NA,UNWTO
202,1999,NA,UNWTO
202,2000,NA,UNWTO
202,2001,NA,UNWTO
202,2002,NA,UNWTO
202,2003,NA,UNWTO
202,2004,NA,UNWTO
202,2005,NA,UNWTO
202,2006,NA,UNWTO
202,2007,NA,UNWTO
202,2008,NA,UNWTO
202,2009,NA,UNWTO
202,2010,NA,UNWTO
202,2011,NA,UNWTO
202,2012,NA,UNWTO
202,2013,NA,UNWTO
202,2014,NA,UNWTO
202,2015,NA,UNWTO
202,2016,NA,UNWTO
202,2017,NA,UNWTO
202,2018,NA,UNWTO
202,2019,NA,UNWTO
202,2020,NA,UNWTO
202,2021,gapfilled,nearby year
203,1995,NA,UNWTO
203,1996,NA,UNWTO
203,1997,NA,UNWTO
203,1998,NA,UNWTO
203,1999,NA,UNWTO
203,2000,NA,UNWTO
203,2001,NA,UNWTO
203,2002,NA,UNWTO
203,2003,NA,UNWTO
203,2004,NA,UNWTO
203,2005,NA,UNWTO
203,2006,NA,UNWTO
203,2007,NA,UNWTO
203,2008,NA,UNWTO
203,2009,NA,UNWTO
203,2010,NA,UNWTO
203,2011,NA,UNWTO
203,2012,NA,UNWTO
203,2013,NA,UNWTO
203,2014,NA,UNWTO
203,2015,NA,UNWTO
203,2016,NA,UNWTO
203,2017,NA,UNWTO
203,2018,NA,UNWTO
203,2019,NA,UNWTO
203,2020,NA,UNWTO
203,2021,NA,UNWTO
204,1995,NA,UNWTO
204,1996,NA,UNWTO
204,1997,NA,UNWTO
204,1998,NA,UNWTO
204,1999,NA,UNWTO
204,2000,NA,UNWTO
204,2001,NA,UNWTO
204,2002,NA,UNWTO
204,2003,NA,UNWTO
204,2004,NA,UNWTO
204,2005,NA,UNWTO
204,2006,NA,UNWTO
204,2007,NA,UNWTO
204,2008,NA,UNWTO
204,2009,NA,UNWTO
204,2010,NA,UNWTO
204,2011,NA,UNWTO
204,2012,NA,UNWTO
204,2013,NA,UNWTO
204,2014,NA,UNWTO
204,2015,NA,UNWTO
204,2016,NA,UNWTO
204,2017,NA,UNWTO
204,2018,NA,UNWTO
204,2019,NA,UNWTO
204,2020,NA,UNWTO
204,2021,gapfilled,nearby year
205,1995,NA,UNWTO
205,1996,NA,UNWTO
205,1997,NA,UNWTO
205,1998,NA,UNWTO
205,1999,NA,UNWTO
205,2000,NA,UNWTO
205,2001,NA,UNWTO
205,2002,NA,UNWTO
205,2003,NA,UNWTO
205,2004,NA,UNWTO
205,2005,NA,UNWTO
205,2006,NA,UNWTO
205,2007,NA,UNWTO
205,2008,NA,UNWTO
205,2009,NA,UNWTO
205,2010,NA,UNWTO
205,2011,NA,UNWTO
205,2012,NA,UNWTO
205,2013,NA,UNWTO
205,2014,NA,UNWTO
205,2015,NA,UNWTO
205,2016,NA,UNWTO
205,2017,NA,UNWTO
205,2018,NA,UNWTO
205,2019,NA,UNWTO
205,2020,NA,UNWTO
205,2021,NA,UNWTO
206,1995,NA,UNWTO
206,1996,NA,UNWTO
206,1997,NA,UNWTO
206,1998,NA,UNWTO
206,1999,NA,UNWTO
206,2000,NA,UNWTO
206,2001,NA,UNWTO
206,2002,NA,UNWTO
206,2003,NA,UNWTO
206,2004,NA,UNWTO
206,2005,NA,UNWTO
206,2006,NA,UNWTO
206,2007,NA,UNWTO
206,2008,NA,UNWTO
206,2009,NA,UNWTO
206,2010,NA,UNWTO
206,2011,NA,UNWTO
206,2012,NA,UNWTO
206,2013,NA,UNWTO
206,2014,NA,UNWTO
206,2015,NA,UNWTO
206,2016,NA,UNWTO
206,2017,NA,UNWTO
206,2018,NA,UNWTO
206,2019,NA,UNWTO
206,2020,NA,UNWTO
206,2021,NA,UNWTO
207,1995,NA,UNWTO
207,1996,NA,UNWTO
207,1997,NA,UNWTO
207,1998,NA,UNWTO
207,1999,NA,UNWTO
207,2000,NA,UNWTO
207,2001,NA,UNWTO
207,2002,NA,UNWTO
207,2003,NA,UNWTO
207,2004,NA,UNWTO
207,2005,NA,UNWTO
207,2006,NA,UNWTO
207,2007,NA,UNWTO
207,2008,NA,UNWTO
207,2009,NA,UNWTO
207,2010,NA,UNWTO
207,2011,NA,UNWTO
207,2012,NA,UNWTO
207,2013,NA,UNWTO
207,2014,NA,UNWTO
207,2015,NA,UNWTO
207,2016,NA,UNWTO
207,2017,NA,UNWTO
207,2018,NA,UNWTO
207,2019,NA,UNWTO
207,2020,NA,UNWTO
207,2021,NA,UNWTO
208,1995,NA,UNWTO
208,1996,NA,UNWTO
208,1997,NA,UNWTO
208,1998,NA,UNWTO
208,1999,NA,UNWTO
208,2000,NA,UNWTO
208,2001,NA,UNWTO
208,2002,NA,UNWTO
208,2003,NA,UNWTO
208,2004,NA,UNWTO
208,2005,NA,UNWTO
208,2006,NA,UNWTO
208,2007,NA,UNWTO
208,2008,NA,UNWTO
208,2009,NA,UNWTO
208,2010,NA,UNWTO
208,2011,NA,UNWTO
208,2012,NA,UNWTO
208,2013,NA,UNWTO
208,2014,NA,UNWTO
208,2015,NA,UNWTO
208,2016,NA,UNWTO
208,2017,NA,UNWTO
208,2018,NA,UNWTO
208,2019,NA,UNWTO
208,2020,NA,UNWTO
208,2021,NA,UNWTO
209,1995,NA,UNWTO
209,1996,NA,UNWTO
209,1997,NA,UNWTO
209,1998,NA,UNWTO
209,1999,NA,UNWTO
209,2000,NA,UNWTO
209,2001,NA,UNWTO
209,2002,NA,UNWTO
209,2003,NA,UNWTO
209,2004,NA,UNWTO
209,2005,NA,UNWTO
209,2006,NA,UNWTO
209,2007,NA,UNWTO
209,2008,NA,UNWTO
209,2009,NA,UNWTO
209,2010,NA,UNWTO
209,2011,NA,UNWTO
209,2012,NA,UNWTO
209,2013,NA,UNWTO
209,2014,NA,UNWTO
209,2015,NA,UNWTO
209,2016,NA,UNWTO
209,2017,NA,UNWTO
209,2018,NA,UNWTO
209,2019,NA,UNWTO
209,2020,NA,UNWTO
209,2021,NA,UNWTO
210,1995,NA,UNWTO
210,1996,NA,UNWTO
210,1997,NA,UNWTO
210,1998,NA,UNWTO
210,1999,NA,UNWTO
210,2000,NA,UNWTO
210,2001,NA,UNWTO
210,2002,NA,UNWTO
210,2003,NA,UNWTO
210,2004,NA,UNWTO
210,2005,NA,UNWTO
210,2006,NA,UNWTO
210,2007,NA,UNWTO
210,2008,NA,UNWTO
210,2009,NA,UNWTO
210,2010,NA,UNWTO
210,2011,NA,UNWTO
210,2012,NA,UNWTO
210,2013,NA,UNWTO
210,2014,NA,UNWTO
210,2015,NA,UNWTO
210,2016,NA,UNWTO
210,2017,NA,UNWTO
210,2018,NA,UNWTO
210,2019,NA,UNWTO
210,2020,NA,UNWTO
210,2021,NA,UNWTO
212,1995,NA,UNWTO
212,1996,NA,UNWTO
212,1997,NA,UNWTO
212,1998,NA,UNWTO
212,1999,NA,UNWTO
212,2000,NA,UNWTO
212,2001,NA,UNWTO
212,2002,NA,UNWTO
212,2003,NA,UNWTO
212,2004,NA,UNWTO
212,2005,NA,UNWTO
212,2006,NA,UNWTO
212,2007,NA,UNWTO
212,2008,NA,UNWTO
212,2009,NA,UNWTO
212,2010,NA,UNWTO
212,2011,NA,UNWTO
212,2012,NA,UNWTO
212,2013,NA,UNWTO
212,2014,NA,UNWTO
212,2015,NA,UNWTO
212,2016,NA,UNWTO
212,2017,NA,UNWTO
212,2018,NA,UNWTO
212,2019,NA,UNWTO
212,2020,NA,UNWTO
212,2021,gapfilled,nearby year
214,1995,NA,UNWTO
214,1996,NA,UNWTO
214,1997,NA,UNWTO
214,1998,NA,UNWTO
214,1999,NA,UNWTO
214,2000,NA,UNWTO
214,2001,NA,UNWTO
214,2002,NA,UNWTO
214,2003,NA,UNWTO
214,2004,NA,UNWTO
214,2005,NA,UNWTO
214,2006,NA,UNWTO
214,2007,NA,UNWTO
214,2008,NA,UNWTO
214,2009,NA,UNWTO
214,2010,NA,UNWTO
214,2011,NA,UNWTO
214,2012,NA,UNWTO
214,2013,NA,UNWTO
214,2014,NA,UNWTO
214,2015,NA,UNWTO
214,2016,NA,UNWTO
214,2017,NA,UNWTO
214,2018,NA,UNWTO
214,2019,NA,UNWTO
214,2020,NA,UNWTO
214,2021,gapfilled,nearby year
215,1995,NA,UNWTO
215,1996,NA,UNWTO
215,1997,NA,UNWTO
215,1998,NA,UNWTO
215,1999,NA,UNWTO
215,2000,NA,UNWTO
215,2001,NA,UNWTO
215,2002,NA,UNWTO
215,2003,NA,UNWTO
215,2004,NA,UNWTO
215,2005,NA,UNWTO
215,2006,NA,UNWTO
215,2007,NA,UNWTO
215,2008,NA,UNWTO
215,2009,NA,UNWTO
215,2010,NA,UNWTO
215,2011,NA,UNWTO
215,2012,NA,UNWTO
215,2013,NA,UNWTO
215,2014,NA,UNWTO
215,2015,NA,UNWTO
215,2016,NA,UNWTO
215,2017,NA,UNWTO
215,2018,NA,UNWTO
215,2019,NA,UNWTO
215,2020,NA,UNWTO
215,2021,NA,UNWTO
216,1995,NA,UNWTO
216,1996,NA,UNWTO
216,1997,NA,UNWTO
216,1998,NA,UNWTO
216,1999,NA,UNWTO
216,2000,NA,UNWTO
216,2001,NA,UNWTO
216,2002,NA,UNWTO
216,2003,NA,UNWTO
216,2004,NA,UNWTO
216,2005,NA,UNWTO
216,2006,NA,UNWTO
216,2007,NA,UNWTO
216,2008,NA,UNWTO
216,2009,NA,UNWTO
216,2010,NA,UNWTO
216,2011,NA,UNWTO
216,2012,NA,UNWTO
216,2013,NA,UNWTO
216,2014,NA,UNWTO
216,2015,NA,UNWTO
216,2016,NA,UNWTO
216,2017,NA,UNWTO
216,2018,NA,UNWTO
216,2019,NA,UNWTO
216,2020,NA,UNWTO
216,2021,NA,UNWTO
218,1995,NA,UNWTO
218,1996,NA,UNWTO
218,1997,NA,UNWTO
218,1998,NA,UNWTO
218,1999,NA,UNWTO
218,2000,NA,UNWTO
218,2001,NA,UNWTO
218,2002,NA,UNWTO
218,2003,NA,UNWTO
218,2004,NA,UNWTO
218,2005,NA,UNWTO
218,2006,NA,UNWTO
218,2007,NA,UNWTO
218,2008,NA,UNWTO
218,2009,NA,UNWTO
218,2010,NA,UNWTO
218,2011,NA,UNWTO
218,2012,NA,UNWTO
218,2013,NA,UNWTO
218,2014,NA,UNWTO
218,2015,NA,UNWTO
218,2016,NA,UNWTO
218,2017,NA,UNWTO
218,2018,NA,UNWTO
218,2019,NA,UNWTO
218,2020,NA,UNWTO
218,2021,gapfilled,nearby year
220,1995,NA,UNWTO
220,1996,NA,UNWTO
220,1997,NA,UNWTO
220,1998,NA,UNWTO
220,1999,NA,UNWTO
220,2000,NA,UNWTO
220,2001,NA,UNWTO
220,2002,NA,UNWTO
220,2003,NA,UNWTO
220,2004,NA,UNWTO
220,2005,NA,UNWTO
220,2006,NA,UNWTO
220,2007,NA,UNWTO
220,2008,NA,UNWTO
220,2009,NA,UNWTO
220,2010,NA,UNWTO
220,2011,NA,UNWTO
220,2012,NA,UNWTO
220,2013,NA,UNWTO
220,2014,NA,UNWTO
220,2015,NA,UNWTO
220,2016,NA,UNWTO
220,2017,NA,UNWTO
220,2018,NA,UNWTO
220,2019,NA,UNWTO
220,2020,NA,UNWTO
220,2021,gapfilled,nearby year
222,1995,NA,UNWTO
222,1996,NA,UNWTO
222,1997,NA,UNWTO
222,1998,NA,UNWTO
222,1999,NA,UNWTO
222,2000,NA,UNWTO
222,2001,NA,UNWTO
222,2002,NA,UNWTO
222,2003,NA,UNWTO
222,2004,NA,UNWTO
222,2005,NA,UNWTO
222,2006,NA,UNWTO
222,2007,NA,UNWTO
222,2008,NA,UNWTO
222,2009,NA,UNWTO
222,2010,NA,UNWTO
222,2011,NA,UNWTO
222,2012,NA,UNWTO
222,2013,NA,UNWTO
222,2014,NA,UNWTO
222,2015,NA,UNWTO
222,2016,NA,UNWTO
222,2017,NA,UNWTO
222,2018,NA,UNWTO
222,2019,NA,UNWTO
222,2020,NA,UNWTO
222,2021,gapfilled,nearby year
223,1995,NA,UNWTO
223,1996,NA,UNWTO
223,1997,NA,UNWTO
223,1998,NA,UNWTO
223,1999,NA,UNWTO
223,2000,NA,UNWTO
223,2001,NA,UNWTO
223,2002,NA,UNWTO
223,2003,NA,UNWTO
223,2004,NA,UNWTO
223,2005,NA,UNWTO
223,2006,NA,UNWTO
223,2007,NA,UNWTO
223,2008,NA,UNWTO
223,2009,NA,UNWTO
223,2010,NA,UNWTO
223,2011,NA,UNWTO
223,2012,NA,UNWTO
223,2013,NA,UNWTO
223,2014,NA,UNWTO
223,2015,NA,UNWTO
223,2016,NA,UNWTO
223,2017,NA,UNWTO
223,2018,NA,UNWTO
223,2019,NA,UNWTO
223,2020,NA,UNWTO
223,2021,gapfilled,nearby year
224,1995,NA,UNWTO
224,1996,NA,UNWTO
224,1997,NA,UNWTO
224,1998,NA,UNWTO
224,1999,NA,UNWTO
224,2000,NA,UNWTO
224,2001,NA,UNWTO
224,2002,NA,UNWTO
224,2003,NA,UNWTO
224,2004,NA,UNWTO
224,2005,NA,UNWTO
224,2006,NA,UNWTO
224,2007,NA,UNWTO
224,2008,NA,UNWTO
224,2009,NA,UNWTO
224,2010,NA,UNWTO
224,2011,NA,UNWTO
224,2012,NA,UNWTO
224,2013,NA,UNWTO
224,2014,NA,UNWTO
224,2015,NA,UNWTO
224,2016,NA,UNWTO
224,2017,NA,UNWTO
224,2018,NA,UNWTO
224,2019,NA,UNWTO
224,2020,NA,UNWTO
224,2021,gapfilled,nearby year
231,1995,gapfilled,nearby year
231,1996,gapfilled,nearby year
231,1997,gapfilled,nearby year
231,1998,gapfilled,nearby year
231,1999,gapfilled,nearby year
231,2000,gapfilled,nearby year
231,2001,gapfilled,nearby year
231,2002,gapfilled,nearby year
231,2003,gapfilled,nearby year
231,2004,gapfilled,nearby year
231,2005,gapfilled,nearby year
231,2006,NA,UNWTO
231,2007,NA,UNWTO
231,2008,NA,UNWTO
231,2009,NA,UNWTO
231,2010,NA,UNWTO
231,2011,NA,UNWTO
231,2012,NA,UNWTO
231,2013,NA,UNWTO
231,2014,NA,UNWTO
231,2015,NA,UNWTO
231,2016,NA,UNWTO
231,2017,NA,UNWTO
231,2018,NA,UNWTO
231,2019,NA,UNWTO
231,2020,NA,UNWTO
231,2021,gapfilled,nearby year
232,1995,gapfilled,nearby year
232,1996,gapfilled,nearby year
232,1997,NA,UNWTO
232,1998,NA,UNWTO
232,1999,NA,UNWTO
232,2000,NA,UNWTO
232,2001,NA,UNWTO
232,2002,NA,UNWTO
232,2003,NA,UNWTO
232,2004,NA,UNWTO
232,2005,NA,UNWTO
232,2006,NA,UNWTO
232,2007,NA,UNWTO
232,2008,NA,UNWTO
232,2009,NA,UNWTO
232,2010,NA,UNWTO
232,2011,NA,UNWTO
232,2012,NA,UNWTO
232,2013,NA,UNWTO
232,2014,NA,UNWTO
232,2015,NA,UNWTO
232,2016,NA,UNWTO
232,2017,NA,UNWTO
232,2018,NA,UNWTO
232,2019,NA,UNWTO
232,2020,NA,UNWTO
232,2021,NA,UNWTO
244,1995,NA,UNWTO
244,1996,NA,UNWTO
244,1997,NA,UNWTO
244,1998,NA,UNWTO
244,1999,NA,UNWTO
244,2000,NA,UNWTO
244,2001,NA,UNWTO
244,2002,NA,UNWTO
244,2003,NA,UNWTO
244,2004,NA,UNWTO
244,2005,NA,UNWTO
244,2006,NA,UNWTO
244,2007,NA,UNWTO
244,2008,NA,UNWTO
244,2009,NA,UNWTO
244,2010,NA,UNWTO
244,2011,NA,UNWTO
244,2012,NA,UNWTO
244,2013,NA,UNWTO
244,2014,NA,UNWTO
244,2015,NA,UNWTO
244,2016,NA,UNWTO
244,2017,NA,UNWTO
244,2018,NA,UNWTO
244,2019,NA,UNWTO
244,2020,NA,UNWTO
244,2021,gapfilled,nearby year
245,1995,NA,UNWTO
245,1996,NA,UNWTO
245,1997,NA,UNWTO
245,1998,NA,UNWTO
245,1999,NA,UNWTO
245,2000,NA,UNWTO
245,2001,NA,UNWTO
245,2002,NA,UNWTO
245,2003,NA,UNWTO
245,2004,NA,UNWTO
245,2005,NA,UNWTO
245,2006,NA,UNWTO
245,2007,NA,UNWTO
245,2008,NA,UNWTO
245,2009,NA,UNWTO
245,2010,NA,UNWTO
245,2011,gapfilled,nearby year
245,2012,gapfilled,nearby year
245,2013,gapfilled,nearby year
245,2014,gapfilled,nearby year
245,2015,gapfilled,nearby year
245,2016,gapfilled,nearby year
245,2017,gapfilled,nearby year
245,2018,gapfilled,nearby year
245,2019,gapfilled,nearby year
245,2020,gapfilled,nearby year
245,2021,gapfilled,nearby year
247,1995,NA,UNWTO
247,1996,NA,UNWTO
247,1997,NA,UNWTO
247,1998,NA,UNWTO
247,1999,NA,UNWTO
247,2000,NA,UNWTO
247,2001,NA,UNWTO
247,2002,NA,UNWTO
247,2003,NA,UNWTO
247,2004,NA,UNWTO
247,2005,NA,UNWTO
247,2006,NA,UNWTO
247,2007,NA,UNWTO
247,2008,NA,UNWTO
247,2009,NA,UNWTO
247,2010,NA,UNWTO
247,2011,NA,UNWTO
247,2012,NA,UNWTO
247,2013,NA,UNWTO
247,2014,NA,UNWTO
247,2015,NA,UNWTO
247,2016,NA,UNWTO
247,2017,NA,UNWTO
247,2018,NA,UNWTO
247,2019,NA,UNWTO
247,2020,NA,UNWTO
247,2021,NA,UNWTO
248,1995,NA,UNWTO
248,1996,NA,UNWTO
248,1997,NA,UNWTO
248,1998,NA,UNWTO
248,1999,NA,UNWTO
248,2000,NA,UNWTO
248,2001,NA,UNWTO
248,2002,NA,UNWTO
248,2003,NA,UNWTO
248,2004,NA,UNWTO
248,2005,NA,UNWTO
248,2006,NA,UNWTO
248,2007,NA,UNWTO
248,2008,NA,UNWTO
248,2009,NA,UNWTO
248,2010,NA,UNWTO
248,2011,gapfilled,nearby year
248,2012,gapfilled,nearby year
248,2013,gapfilled,nearby year
248,2014,gapfilled,nearby year
248,2015,gapfilled,nearby year
248,2016,gapfilled,nearby year
248,2017,gapfilled,nearby year
248,2018,gapfilled,nearby year
248,2019,gapfilled,nearby year
248,2020,gapfilled,nearby year
248,2021,gapfilled,nearby year
249,1995,NA,UNWTO
249,1996,NA,UNWTO
249,1997,NA,UNWTO
249,1998,NA,UNWTO
249,1999,NA,UNWTO
249,2000,NA,UNWTO
249,2001,NA,UNWTO
249,2002,NA,UNWTO
249,2003,NA,UNWTO
249,2004,NA,UNWTO
249,2005,NA,UNWTO
249,2006,NA,UNWTO
249,2007,NA,UNWTO
249,2008,NA,UNWTO
249,2009,NA,UNWTO
249,2010,NA,UNWTO
249,2011,gapfilled,nearby year
249,2012,gapfilled,nearby year
249,2013,gapfilled,nearby year
249,2014,gapfilled,nearby year
249,2015,gapfilled,nearby year
249,2016,gapfilled,nearby year
249,2017,gapfilled,nearby year
249,2018,gapfilled,nearby year
249,2019,gapfilled,nearby year
249,2020,gapfilled,nearby year
249,2021,gapfilled,nearby year
250,1995,NA,UNWTO
250,1996,NA,UNWTO
250,1997,NA,UNWTO
250,1998,NA,UNWTO
250,1999,NA,UNWTO
250,2000,NA,UNWTO
250,2001,NA,UNWTO
250,2002,NA,UNWTO
250,2003,NA,UNWTO
250,2004,NA,UNWTO
250,2005,NA,UNWTO
250,2006,NA,UNWTO
250,2007,NA,UNWTO
250,2008,NA,UNWTO
250,2009,NA,UNWTO
250,2010,NA,UNWTO
250,2011,NA,UNWTO
250,2012,NA,UNWTO
250,2013,NA,UNWTO
250,2014,NA,UNWTO
250,2015,NA,UNWTO
250,2016,NA,UNWTO
250,2017,NA,UNWTO
250,2018,NA,UNWTO
250,2019,NA,UNWTO
250,2020,NA,UNWTO
250,2021,NA,UNWTO
